Source,Date,Mean
GCAG,06-01-1924,-0.1275
GISTEMP,06-01-1924,-0.2157
GCAG,06-02-1924,-0.1255
GISTEMP,06-02-1924,-0.2207
GCAG,06-03-1924,-0.1017
GISTEMP,06-03-1924,0.0296
GCAG,06-04-1924,-0.2328
GISTEMP,06-04-1924,-0.2328
GCAG,06-05-1924,0.0404
GISTEMP,06-05-1924,-0.0814
GCAG,06-06-1924,-0.2658
GISTEMP,06-06-1924,-0.114
GCAG,06-07-1924,-0.2637
GISTEMP,06-07-1924,-0.2641
GCAG,06-08-1924,-0.1568
GISTEMP,06-08-1924,-0.48
GCAG,06-09-1924,-0.4506
GISTEMP,06-09-1924,-0.2762
GCAG,06-10-1924,-0.3427
GISTEMP,06-10-1924,-0.1436
GCAG,06-11-1924,-0.3258
GISTEMP,06-11-1924,-0.4014
GCAG,06-12-1924,0.0314
GISTEMP,06-12-1924,-0.2223
GCAG,06-01-1925,-0.1771
GISTEMP,06-01-1925,-0.401
GCAG,06-02-1925,-0.2678
GISTEMP,06-02-1925,-0.1695
GCAG,06-03-1925,-0.3576
GISTEMP,06-03-1925,-0.1286
GCAG,06-04-1925,-0.2739
GISTEMP,06-04-1925,-0.2276
GCAG,06-05-1925,-0.2729
GISTEMP,06-05-1925,0.0952
GCAG,06-06-1925,-0.1835
GISTEMP,06-06-1925,-0.3401
GCAG,06-07-1925,-0.0569
GISTEMP,06-07-1925,-0.3635
GCAG,06-08-1925,-0.1478
GISTEMP,06-08-1925,-0.4731
GCAG,06-09-1925,-0.3772
GISTEMP,06-09-1925,-0.1485
GCAG,06-10-1925,-0.0661
GISTEMP,06-10-1925,-0.1512
GCAG,06-11-1925,-0.193
GISTEMP,06-11-1925,-0.2209
GCAG,06-12-1925,-0.3963
GISTEMP,06-12-1925,-0.2825
GCAG,06-01-1926,-0.2425
GISTEMP,06-01-1926,-0.0148
GCAG,06-02-1926,-0.1207
GISTEMP,06-02-1926,-0.4367
GCAG,06-03-1926,-0.1225
GISTEMP,06-03-1926,-0.2288
GCAG,06-04-1926,-0.2715
GISTEMP,06-04-1926,-0.0782
GCAG,06-05-1926,-0.0141
GISTEMP,06-05-1926,-0.0291
GCAG,06-06-1926,-0.2935
GISTEMP,06-06-1926,-0.214
GCAG,06-07-1926,-0.1168
GISTEMP,06-07-1926,-0.0201
GCAG,06-08-1926,-0.2372
GISTEMP,06-08-1926,-0.1931
GCAG,06-09-1926,-0.3301
GISTEMP,06-09-1926,-0.3436
GCAG,06-10-1926,-0.0411
GISTEMP,06-10-1926,0.0405
GCAG,06-11-1926,-0.1726
GISTEMP,06-11-1926,-0.0113
GCAG,06-12-1926,-0.1064
GISTEMP,06-12-1926,-0.2574
GCAG,06-01-1927,-0.1053
GISTEMP,06-01-1927,0.0712
GCAG,06-02-1927,-0.1637
GISTEMP,06-02-1927,0.0763
GCAG,06-03-1927,-0.5502
GISTEMP,06-03-1927,-0.0339
GCAG,06-04-1927,-0.143
GISTEMP,06-04-1927,-0.2009
GCAG,06-05-1927,-0.1411
GISTEMP,06-05-1927,-0.453
GCAG,06-06-1927,-0.1867
GISTEMP,06-06-1927,-0.1002
GCAG,06-07-1927,0.0691
GISTEMP,06-07-1927,-0.2303
GCAG,06-08-1927,-0.2727
GISTEMP,06-08-1927,-0.2267
GCAG,06-09-1927,-0.0129
GISTEMP,06-09-1927,-0.1009
GCAG,06-10-1927,-0.2286
GISTEMP,06-10-1927,-0.0721
GCAG,06-11-1927,-0.1334
GISTEMP,06-11-1927,-0.0026
GCAG,06-12-1927,-0.2521
GISTEMP,06-12-1927,-0.1959
GCAG,06-01-1928,-0.2044
GISTEMP,06-01-1928,-0.3651
GCAG,06-02-1928,-0.1
GISTEMP,06-02-1928,-0.1053
GCAG,06-03-1928,-0.1425
GISTEMP,06-03-1928,-0.1785
GCAG,06-04-1928,-0.3545
GISTEMP,06-04-1928,-0.2052
GCAG,06-05-1928,-0.1924
GISTEMP,06-05-1928,-0.2613
GCAG,06-06-1928,-0.164
GISTEMP,06-06-1928,-0.0792
GCAG,06-07-1928,0.1443
GISTEMP,06-07-1928,-0.1125
GCAG,06-08-1928,-0.0989
GISTEMP,06-08-1928,-0.1487
GCAG,06-09-1928,-0.4242
GISTEMP,06-09-1928,-0.1403
GCAG,06-10-1928,-0.1262
GISTEMP,06-10-1928,0.2343
GCAG,06-11-1928,-0.1629
GISTEMP,06-11-1928,-0.0888
GCAG,06-12-1928,-0.1381
GISTEMP,06-12-1928,-0.3082
GCAG,06-01-1929,0.0397
GISTEMP,06-01-1929,-0.0189
GCAG,06-02-1929,-0.0119
GISTEMP,06-02-1929,-0.267
GCAG,06-03-1929,0.081
GISTEMP,06-03-1929,-0.3397
GCAG,06-04-1929,-0.0402
GISTEMP,06-04-1929,0.2003
GCAG,06-05-1929,-0.2757
GISTEMP,06-05-1929,-0.2121
GCAG,06-06-1929,-0.111
GISTEMP,06-06-1929,-0.2015
GCAG,06-07-1929,-0.3574
GISTEMP,06-07-1929,-0.1145
GCAG,06-08-1929,-0.283
GISTEMP,06-08-1929,-0.0526
GCAG,06-09-1929,-0.2604
GISTEMP,06-09-1929,0.11
GCAG,06-10-1929,-0.2388
GISTEMP,06-10-1929,-0.1696
GCAG,06-11-1929,0.0019
GISTEMP,06-11-1929,-0.3048
GCAG,06-12-1929,-0.0849
GISTEMP,06-12-1929,0.0771
GCAG,06-01-1930,-0.359
GISTEMP,06-01-1930,-0.0902
GCAG,06-02-1930,-0.0777
GISTEMP,06-02-1930,0.0006
GCAG,06-03-1930,-0.3011
GISTEMP,06-03-1930,-0.3136
GCAG,06-04-1930,-0.0361
GISTEMP,06-04-1930,-0.0698
GCAG,06-05-1930,-0.0756
GISTEMP,06-05-1930,-0.0613
GCAG,06-06-1930,-0.2141
GISTEMP,06-06-1930,-0.0772
GCAG,06-07-1930,-0.0669
GISTEMP,06-07-1930,-0.2181
GCAG,06-08-1930,0.1701
GISTEMP,06-08-1930,-0.0387
GCAG,06-09-1930,-0.2873
GISTEMP,06-09-1930,-0.0101
GCAG,06-10-1930,-0.2536
GISTEMP,06-10-1930,0.0106
GCAG,06-11-1930,0.0675
GISTEMP,06-11-1930,-0.2294
GCAG,06-12-1930,0.0394
GISTEMP,06-12-1930,-0.0432
GCAG,06-01-1931,0.0193
GISTEMP,06-01-1931,0.1806
GCAG,06-02-1931,-0.1396
GISTEMP,06-02-1931,-0.2159
GCAG,06-03-1931,-0.2351
GISTEMP,06-03-1931,-0.224
GCAG,06-04-1931,-0.1121
GISTEMP,06-04-1931,-0.0493
GCAG,06-05-1931,-0.0578
GISTEMP,06-05-1931,0.0247
GCAG,06-06-1931,-0.0962
GISTEMP,06-06-1931,0.1198
GCAG,06-07-1931,-0.1367
GISTEMP,06-07-1931,0.311
GCAG,06-08-1931,-0.002
GISTEMP,06-08-1931,-0.2244
GCAG,06-09-1931,-0.2553
GISTEMP,06-09-1931,-0.0223
GCAG,06-10-1931,-0.1271
GISTEMP,06-10-1931,0.0135
GCAG,06-11-1931,-0.0214
GISTEMP,06-11-1931,-0.1033
GCAG,06-12-1931,-0.2183
GISTEMP,06-12-1931,-0.3185
GCAG,06-01-1932,-0.1571
GISTEMP,06-01-1932,0.0384
GCAG,06-02-1932,-0.0568
GISTEMP,06-02-1932,-0.2758
GCAG,06-03-1932,-0.0618
GISTEMP,06-03-1932,-0.03
GCAG,06-04-1932,-0.2192
GISTEMP,06-04-1932,-0.0636
GCAG,06-05-1932,-0.0767
GISTEMP,06-05-1932,-0.2569
GCAG,06-06-1932,-0.0306
GISTEMP,06-06-1932,-0.0002
GCAG,06-07-1932,0.0793
GISTEMP,06-07-1932,0.0749
GCAG,06-08-1932,-0.2886
GISTEMP,06-08-1932,-0.2227
GCAG,06-09-1932,-0.0036
GISTEMP,06-09-1932,-0.0038
GCAG,06-10-1932,-0.0024
GISTEMP,06-10-1932,0.4982
GCAG,06-11-1932,0.0071
GISTEMP,06-11-1932,0.0918
GCAG,06-12-1932,0.0657
GISTEMP,06-12-1932,0.0204
GCAG,06-01-1933,-0.1235
GISTEMP,06-01-1933,0.0376
GCAG,06-02-1933,-0.191
GISTEMP,06-02-1933,-0.1106
GCAG,06-03-1933,-0.1467
GISTEMP,06-03-1933,-0.0616
GCAG,06-04-1933,0.2745
GISTEMP,06-04-1933,-0.3528
GCAG,06-05-1933,0.0314
GISTEMP,06-05-1933,-0.3135
GCAG,06-06-1933,-0.1412
GISTEMP,06-06-1933,0.0929
GCAG,06-07-1933,-0.0596
GISTEMP,06-07-1933,-0.2309
GCAG,06-08-1933,-0.1754
GISTEMP,06-08-1933,0.0338
GCAG,06-09-1933,-0.1765
GISTEMP,06-09-1933,-0.0345
GCAG,06-10-1933,-0.0589
GISTEMP,06-10-1933,-0.1635
GCAG,06-11-1933,0.257
GISTEMP,06-11-1933,0.0305
GCAG,06-12-1933,-0.3672
GISTEMP,06-12-1933,-0.0355
GCAG,06-01-1934,-0.1616
GISTEMP,06-01-1934,0.0656
GCAG,06-02-1934,-0.18
GISTEMP,06-02-1934,-0.0784
GCAG,06-03-1934,0.0157
GISTEMP,06-03-1934,0.0699
GCAG,06-04-1934,-0.2389
GISTEMP,06-04-1934,-0.109
GCAG,06-05-1934,-0.1289
GISTEMP,06-05-1934,-0.1557
GCAG,06-06-1934,0.2083
GISTEMP,06-06-1934,0.0042
GCAG,06-07-1934,-0.2445
GISTEMP,06-07-1934,0.0823
GCAG,06-08-1934,0.2641
GISTEMP,06-08-1934,0.1007
GCAG,06-09-1934,-0.281
GISTEMP,06-09-1934,-0.1257
GCAG,06-10-1934,0.1381
GISTEMP,06-10-1934,-0.1581
GCAG,06-11-1934,0.0158
GISTEMP,06-11-1934,0.0655
GCAG,06-12-1934,-0.1886
GISTEMP,06-12-1934,-0.0585
GCAG,06-01-1935,-0.5346
GISTEMP,06-01-1935,-0.2021
GCAG,06-02-1935,-0.0852
GISTEMP,06-02-1935,-0.2344
GCAG,06-03-1935,0.1987
GISTEMP,06-03-1935,-0.2606
GCAG,06-04-1935,-0.111
GISTEMP,06-04-1935,-0.0253
GCAG,06-05-1935,0.1724
GISTEMP,06-05-1935,-0.2592
GCAG,06-06-1935,0.1318
GISTEMP,06-06-1935,-0.0411
GCAG,06-07-1935,-0.1887
GISTEMP,06-07-1935,0.0278
GCAG,06-08-1935,-0.0105
GISTEMP,06-08-1935,-0.1304
GCAG,06-09-1935,-0.0287
GISTEMP,06-09-1935,-0.097
GCAG,06-10-1935,-0.021
GISTEMP,06-10-1935,0.0613
GCAG,06-11-1935,0.201
GISTEMP,06-11-1935,-0.2225
GCAG,06-12-1935,0.2843
GISTEMP,06-12-1935,-0.3285
GCAG,06-01-1936,-0.0573
GISTEMP,06-01-1936,0.0537
GCAG,06-02-1936,0.0088
GISTEMP,06-02-1936,-0.1268
GCAG,06-03-1936,-0.0634
GISTEMP,06-03-1936,-0.1062
GCAG,06-04-1936,-0.1195
GISTEMP,06-04-1936,0.0964
GCAG,06-05-1936,0.0236
GISTEMP,06-05-1936,-0.1339
GCAG,06-06-1936,0.1062
GISTEMP,06-06-1936,0.0173
GCAG,06-07-1936,0.0943
GISTEMP,06-07-1936,0.0668
GCAG,06-08-1936,-0.1508
GISTEMP,06-08-1936,-0.1105
GCAG,06-09-1936,0.0868
GISTEMP,06-09-1936,0.0663
GCAG,06-10-1936,-0.0273
GISTEMP,06-10-1936,-0.0065
GCAG,06-11-1936,0.1687
GISTEMP,06-11-1936,-0.1117
GCAG,06-12-1936,0.0602
GISTEMP,06-12-1936,-0.0521
GCAG,06-01-1937,-0.0533
GISTEMP,06-01-1937,0.1442
GCAG,06-02-1937,0.1043
GISTEMP,06-02-1937,0.1025
GCAG,06-03-1937,0.1775
GISTEMP,06-03-1937,-0.0152
GCAG,06-04-1937,0.0851
GISTEMP,06-04-1937,-0.0637
GCAG,06-05-1937,0.0326
GISTEMP,06-05-1937,-0.0356
GCAG,06-06-1937,-0.0003
GISTEMP,06-06-1937,0.0744
GCAG,06-07-1937,-0.1365
GISTEMP,06-07-1937,0.3001
GCAG,06-08-1937,-0.1635
GISTEMP,06-08-1937,-0.1947
GCAG,06-09-1937,0.1623
GISTEMP,06-09-1937,0.1073
GCAG,06-10-1937,0.0834
GISTEMP,06-10-1937,0.084
GCAG,06-11-1937,-0.0109
GISTEMP,06-11-1937,-0.1437
GCAG,06-12-1937,0.0034
GISTEMP,06-12-1937,-0.1095
GCAG,06-01-1938,0.1395
GISTEMP,06-01-1938,-0.0288
GCAG,06-02-1938,-0.1294
GISTEMP,06-02-1938,-0.0538
GCAG,06-03-1938,0.0575
GISTEMP,06-03-1938,-0.089
GCAG,06-04-1938,-0.1266
GISTEMP,06-04-1938,0.0332
GCAG,06-05-1938,0.0346
GISTEMP,06-05-1938,-0.0782
GCAG,06-06-1938,-0.0716
GISTEMP,06-06-1938,0.0338
GCAG,06-07-1938,-0.217
GISTEMP,06-07-1938,-0.211
GCAG,06-08-1938,-0.1064
GISTEMP,06-08-1938,-0.0307
GCAG,06-09-1938,0.0491
GISTEMP,06-09-1938,0.2238
GCAG,06-10-1938,0.1323
GISTEMP,06-10-1938,-0.0204
GCAG,06-11-1938,0.0019
GISTEMP,06-11-1938,-0.1456
GCAG,06-12-1938,0.0032
GISTEMP,06-12-1938,-0.0373
GCAG,06-01-1939,0.0555
GISTEMP,06-01-1939,-0.117
GCAG,06-02-1939,0.0862
GISTEMP,06-02-1939,0.2382
GCAG,06-03-1939,-0.0069
GISTEMP,06-03-1939,0.0697
GCAG,06-04-1939,0.1141
GISTEMP,06-04-1939,-0.0496
GCAG,06-05-1939,0.0453
GISTEMP,06-05-1939,0.0136
GCAG,06-06-1939,0.0275
GISTEMP,06-06-1939,-0.1031
GCAG,06-07-1939,0.0177
GISTEMP,06-07-1939,0.0887
GCAG,06-08-1939,0.2329
GISTEMP,06-08-1939,0.1591
GCAG,06-09-1939,0.3393
GISTEMP,06-09-1939,-0.0987
GCAG,06-10-1939,0.1484
GISTEMP,06-10-1939,0.045
GCAG,06-11-1939,0.3471
GISTEMP,06-11-1939,-0.1026
GCAG,06-12-1939,-0.1061
GISTEMP,06-12-1939,-0.0701
GCAG,06-01-1940,-0.2976
GISTEMP,06-01-1940,-0.0579
GCAG,06-02-1940,-0.0917
GISTEMP,06-02-1940,0.0447
GCAG,06-03-1940,0.0746
GISTEMP,06-03-1940,0.3047
GCAG,06-04-1940,0.167
GISTEMP,06-04-1940,-0.0621
GCAG,06-05-1940,-0.1091
GISTEMP,06-05-1940,0.0994
GCAG,06-06-1940,-0.1713
GISTEMP,06-06-1940,0.3015
GCAG,06-07-1940,0.2048
GISTEMP,06-07-1940,-0.0424
GCAG,06-08-1940,-0.2279
GISTEMP,06-08-1940,0.2322
GCAG,06-09-1940,0.0131
GISTEMP,06-09-1940,0.2159
GCAG,06-10-1940,-0.2078
GISTEMP,06-10-1940,-0.0585
GCAG,06-11-1940,0.0333
GISTEMP,06-11-1940,0.0396
GCAG,06-12-1940,-0.0338
GISTEMP,06-12-1940,0.1271
GCAG,06-01-1941,-0.1253
GISTEMP,06-01-1941,0.0135
GCAG,06-02-1941,0.0541
GISTEMP,06-02-1941,0.1132
GCAG,06-03-1941,0.1439
GISTEMP,06-03-1941,-0.1315
GCAG,06-04-1941,-0.1918
GISTEMP,06-04-1941,0.23
GCAG,06-05-1941,0.0894
GISTEMP,06-05-1941,-0.0728
GCAG,06-06-1941,0.2733
GISTEMP,06-06-1941,0.058
GCAG,06-07-1941,0.2187
GISTEMP,06-07-1941,0.0519
GCAG,06-08-1941,0.3521
GISTEMP,06-08-1941,0.3063
GCAG,06-09-1941,0.0068
GISTEMP,06-09-1941,0.1899
GCAG,06-10-1941,0.1421
GISTEMP,06-10-1941,0.2506
GCAG,06-11-1941,-0.0983
GISTEMP,06-11-1941,0.1494
GCAG,06-12-1941,0.2064
GISTEMP,06-12-1941,-0.2162
GCAG,06-01-1942,-0.1287
GISTEMP,06-01-1942,-0.2571
GCAG,06-02-1942,0.0095
GISTEMP,06-02-1942,0.1575
GCAG,06-03-1942,0.2764
GISTEMP,06-03-1942,0.0622
GCAG,06-04-1942,0.2965
GISTEMP,06-04-1942,-0.1548
GCAG,06-05-1942,-0.2021
GISTEMP,06-05-1942,0.0451
GCAG,06-06-1942,0.1122
GISTEMP,06-06-1942,0.0496
GCAG,06-07-1942,-0.2544
GISTEMP,06-07-1942,0.0423
GCAG,06-08-1942,-0.1388
GISTEMP,06-08-1942,0.1573
GCAG,06-09-1942,0.113
GISTEMP,06-09-1942,-0.083
GCAG,06-10-1942,-0.0179
GISTEMP,06-10-1942,-0.0997
GCAG,06-11-1942,0.0509
GISTEMP,06-11-1942,0.2036
GCAG,06-12-1942,-0.0864
GISTEMP,06-12-1942,0.1371
GCAG,06-01-1943,-0.0169
GISTEMP,06-01-1943,-0.0563
GCAG,06-02-1943,0.0477
GISTEMP,06-02-1943,-0.0915
GCAG,06-03-1943,-0.0181
GISTEMP,06-03-1943,-0.1147
GCAG,06-04-1943,0.3608
GISTEMP,06-04-1943,0.0714
GCAG,06-05-1943,-0.0377
GISTEMP,06-05-1943,0.0994
GCAG,06-06-1943,0.0516
GISTEMP,06-06-1943,0.0353
GCAG,06-07-1943,0.1617
GISTEMP,06-07-1943,0.1832
GCAG,06-08-1943,-0.0088
GISTEMP,06-08-1943,-0.0156
GCAG,06-09-1943,0.0306
GISTEMP,06-09-1943,-0.2734
GCAG,06-10-1943,-0.1542
GISTEMP,06-10-1943,0.2781
GCAG,06-11-1943,0.321
GISTEMP,06-11-1943,0.0369
GCAG,06-12-1943,0.1619
GISTEMP,06-12-1943,0.1221
GCAG,06-01-1944,0.5384
GISTEMP,06-01-1944,0.2445
GCAG,06-02-1944,0.0585
GISTEMP,06-02-1944,-0.0656
GCAG,06-03-1944,-0.1621
GISTEMP,06-03-1944,0.1094
GCAG,06-04-1944,-0.0335
GISTEMP,06-04-1944,-0.1333
GCAG,06-05-1944,-0.0158
GISTEMP,06-05-1944,-0.0811
GCAG,06-06-1944,0.3354
GISTEMP,06-06-1944,0.2146
GCAG,06-07-1944,0.0823
GISTEMP,06-07-1944,0.3055
GCAG,06-08-1944,0.0962
GISTEMP,06-08-1944,-0.0446
GCAG,06-09-1944,0.3143
GISTEMP,06-09-1944,0.1666
GCAG,06-10-1944,-0.0686
GISTEMP,06-10-1944,0.0584
GCAG,06-11-1944,-0.0432
GISTEMP,06-11-1944,-0.1193
GCAG,06-12-1944,0.2282
GISTEMP,06-12-1944,0.3757
GCAG,06-01-1945,-0.1194
GISTEMP,06-01-1945,0.1749
GCAG,06-02-1945,-0.006
GISTEMP,06-02-1945,0.0185
GCAG,06-03-1945,0.0039
GISTEMP,06-03-1945,-0.0369
GCAG,06-04-1945,0.1012
GISTEMP,06-04-1945,-0.0308
GCAG,06-05-1945,0.1356
GISTEMP,06-05-1945,0.0875
GCAG,06-06-1945,0.0604
GISTEMP,06-06-1945,-0.0399
GCAG,06-07-1945,0.0108
GISTEMP,06-07-1945,0.2107
GCAG,06-08-1945,0.1736
GISTEMP,06-08-1945,-0.0481
GCAG,06-09-1945,0.1146
GISTEMP,06-09-1945,0.2124
GCAG,06-10-1945,-0.1496
GISTEMP,06-10-1945,0.1823
GCAG,06-11-1945,0.0026
GISTEMP,06-11-1945,0.1876
GCAG,06-12-1945,-0.0113
GISTEMP,06-12-1945,-0.1676
GCAG,06-01-1946,-0.1398
GISTEMP,06-01-1946,0.1115
GCAG,06-02-1946,0.1444
GISTEMP,06-02-1946,-0.0302
GCAG,06-03-1946,0.2024
GISTEMP,06-03-1946,-0.1426
GCAG,06-04-1946,0.0979
GISTEMP,06-04-1946,-0.0739
GCAG,06-05-1946,0.0112
GISTEMP,06-05-1946,0.116
GCAG,06-06-1946,-0.019
GISTEMP,06-06-1946,0.0524
GCAG,06-07-1946,0.2622
GISTEMP,06-07-1946,0.0247
GCAG,06-08-1946,0.2378
GISTEMP,06-08-1946,-0.0571
GCAG,06-09-1946,0.193
GISTEMP,06-09-1946,0.3298
GCAG,06-10-1946,-0.256
GISTEMP,06-10-1946,-0.0048
GCAG,06-11-1946,0.2024
GISTEMP,06-11-1946,0.0854
GCAG,06-12-1946,0.1727
GISTEMP,06-12-1946,0.0264
GCAG,06-01-1947,0.1312
GISTEMP,06-01-1947,0.0948
GCAG,06-02-1947,0.2945
GISTEMP,06-02-1947,0.1575
GCAG,06-03-1947,0.1711
GISTEMP,06-03-1947,0.0587
GCAG,06-04-1947,0.0485
GISTEMP,06-04-1947,0.0568
GCAG,06-05-1947,0.182
GISTEMP,06-05-1947,0.0597
GCAG,06-06-1947,0.1674
GISTEMP,06-06-1947,0.4353
GCAG,06-07-1947,0.2558
GISTEMP,06-07-1947,0.0762
GCAG,06-08-1947,0.3065
GISTEMP,06-08-1947,0.0651
GCAG,06-09-1947,-0.1783
GISTEMP,06-09-1947,-0.0238
GCAG,06-10-1947,-0.152
GISTEMP,06-10-1947,0.0759
GCAG,06-11-1947,0.1325
GISTEMP,06-11-1947,0.3812
GCAG,06-12-1947,0.1799
GISTEMP,06-12-1947,0.098
GCAG,06-01-1948,0.2565
GISTEMP,06-01-1948,-0.1996
GCAG,06-02-1948,0.1686
GISTEMP,06-02-1948,0.2489
GCAG,06-03-1948,-0.0874
GISTEMP,06-03-1948,0.3059
GCAG,06-04-1948,0.1863
GISTEMP,06-04-1948,0.0732
GCAG,06-05-1948,0.2316
GISTEMP,06-05-1948,0.4773
GCAG,06-06-1948,0.1651
GISTEMP,06-06-1948,0.1751
GCAG,06-07-1948,0.0701
GISTEMP,06-07-1948,0.0115
GCAG,06-08-1948,0.2647
GISTEMP,06-08-1948,0.0118
GCAG,06-09-1948,0.1521
GISTEMP,06-09-1948,0.0697
GCAG,06-10-1948,0.2143
GISTEMP,06-10-1948,0.1925
GCAG,06-11-1948,0.2993
GISTEMP,06-11-1948,0.0671
GCAG,06-12-1948,0.1043
GISTEMP,06-12-1948,-0.002
GCAG,06-01-1949,0.0793
GISTEMP,06-01-1949,0.2025
GCAG,06-02-1949,0.2607
GISTEMP,06-02-1949,0.0088
GCAG,06-03-1949,0.2787
GISTEMP,06-03-1949,0.3516
GCAG,06-04-1949,0.2114
GISTEMP,06-04-1949,0.4309
GCAG,06-05-1949,0.0345
GISTEMP,06-05-1949,-0.0361
GCAG,06-06-1949,-0.1151
GISTEMP,06-06-1949,0.3761
GCAG,06-07-1949,0.251
GISTEMP,06-07-1949,0.1446
GCAG,06-08-1949,0.196
GISTEMP,06-08-1949,-0.0148
GCAG,06-09-1949,0.5221
GISTEMP,06-09-1949,0.1746
GCAG,06-10-1949,0.1728
GISTEMP,06-10-1949,0.2652
GCAG,06-11-1949,0.2297
GISTEMP,06-11-1949,0.1911
GCAG,06-12-1949,0.0401
GISTEMP,06-12-1949,0.2294
GCAG,06-01-1950,0.4421
GISTEMP,06-01-1950,0.3616
GCAG,06-02-1950,0.4
GISTEMP,06-02-1950,0.0843
GCAG,06-03-1950,0.0137
GISTEMP,06-03-1950,0.1433
GCAG,06-04-1950,0.1717
GISTEMP,06-04-1950,0.3274
GCAG,06-05-1950,-0.0894
GISTEMP,06-05-1950,0.3939
GCAG,06-06-1950,0.1419
GISTEMP,06-06-1950,0.1016
GCAG,06-07-1950,0.015
GISTEMP,06-07-1950,-0.0815
GCAG,06-08-1950,0.2914
GISTEMP,06-08-1950,0.1789
GCAG,06-09-1950,-0.0244
GISTEMP,06-09-1950,-0.0252
GCAG,06-10-1950,0.1199
GISTEMP,06-10-1950,0.4206
GCAG,06-11-1950,0.1325
GISTEMP,06-11-1950,-0.0541
GCAG,06-12-1950,0.1357
GISTEMP,06-12-1950,0.1317
GCAG,06-01-1951,-0.2308
GISTEMP,06-01-1951,0.1656
GCAG,06-02-1951,0.1402
GISTEMP,06-02-1951,0.2793
GCAG,06-03-1951,0.4534
GISTEMP,06-03-1951,0.345
GCAG,06-04-1951,0.1369
GISTEMP,06-04-1951,0.0112
GCAG,06-05-1951,0.5644
GISTEMP,06-05-1951,0.1872
GCAG,06-06-1951,0.1816
GISTEMP,06-06-1951,0.1759
GCAG,06-07-1951,0.2104
GISTEMP,06-07-1951,0.159
GCAG,06-08-1951,0.0958
GISTEMP,06-08-1951,0.0998
GCAG,06-09-1951,0.1781
GISTEMP,06-09-1951,0.1015
GCAG,06-10-1951,0.0772
GISTEMP,06-10-1951,0.2001
GCAG,06-11-1951,0.147
GISTEMP,06-11-1951,0.4109
GCAG,06-12-1951,-0.2112
GISTEMP,06-12-1951,0.3502
GCAG,06-01-1952,0.3745
GISTEMP,06-01-1952,-0.1234
GCAG,06-02-1952,0.1374
GISTEMP,06-02-1952,0.133
GCAG,06-03-1952,-0.0212
GISTEMP,06-03-1952,0.0732
GCAG,06-04-1952,0.0245
GISTEMP,06-04-1952,0.4539
GCAG,06-05-1952,0.3326
GISTEMP,06-05-1952,0.383
GCAG,06-06-1952,0.3016
GISTEMP,06-06-1952,0.024
GCAG,06-07-1952,0.1159
GISTEMP,06-07-1952,0.268
GCAG,06-08-1952,0.0124
GISTEMP,06-08-1952,0.3027
GCAG,06-09-1952,0.1608
GISTEMP,06-09-1952,0.1406
GCAG,06-10-1952,0.3047
GISTEMP,06-10-1952,0.2647
GCAG,06-11-1952,0.145
GISTEMP,06-11-1952,0.3731
GCAG,06-12-1952,0.0382
GISTEMP,06-12-1952,0.2927
GCAG,06-01-1953,0.2905
GISTEMP,06-01-1953,0.1551
GCAG,06-02-1953,0.2516
GISTEMP,06-02-1953,0.015
GCAG,06-03-1953,0.3424
GISTEMP,06-03-1953,0.1761
GCAG,06-04-1953,0.1266
GISTEMP,06-04-1953,0.3623
GCAG,06-05-1953,0.1005
GISTEMP,06-05-1953,-0.0052
GCAG,06-06-1953,-0.0262
GISTEMP,06-06-1953,0.2982
GCAG,06-07-1953,0.0164
GISTEMP,06-07-1953,0.4716
GCAG,06-08-1953,-0.1027
GISTEMP,06-08-1953,0.4641
GCAG,06-09-1953,0.2424
GISTEMP,06-09-1953,0.1962
GCAG,06-10-1953,0.1302
GISTEMP,06-10-1953,0.2718
GCAG,06-11-1953,0.2074
GISTEMP,06-11-1953,0.3786
GCAG,06-12-1953,0.2313
GISTEMP,06-12-1953,0.2368
GCAG,06-01-1954,0.1608
GISTEMP,06-01-1954,0.2068
GCAG,06-02-1954,0.2627
GISTEMP,06-02-1954,-0.04
GCAG,06-03-1954,0.0155
GISTEMP,06-03-1954,0.3292
GCAG,06-04-1954,0.2445
GISTEMP,06-04-1954,0.1912
GCAG,06-05-1954,0.2228
GISTEMP,06-05-1954,0.2721
GCAG,06-06-1954,0.1402
GISTEMP,06-06-1954,0.1044
GCAG,06-07-1954,0.2517
GISTEMP,06-07-1954,0.0756
GCAG,06-08-1954,0.2847
GISTEMP,06-08-1954,-0.0319
GCAG,06-09-1954,0.379
GISTEMP,06-09-1954,0.2955
GCAG,06-10-1954,0.2642
GISTEMP,06-10-1954,0.3732
GCAG,06-11-1954,0.4768
GISTEMP,06-11-1954,0.3791
GCAG,06-12-1954,-0.048
GISTEMP,06-12-1954,0.0362
GCAG,06-01-1955,0.1355
GISTEMP,06-01-1955,0.2332
GCAG,06-02-1955,0.3081
GISTEMP,06-02-1955,0.1216
GCAG,06-03-1955,0.2596
GISTEMP,06-03-1955,0.1183
GCAG,06-04-1955,0.141
GISTEMP,06-04-1955,0.0217
GCAG,06-05-1955,0.0954
GISTEMP,06-05-1955,0.0311
GCAG,06-06-1955,0.0887
GISTEMP,06-06-1955,0.3931
GCAG,06-07-1955,0.0938
GISTEMP,06-07-1955,0.6311
GCAG,06-08-1955,0.3114
GISTEMP,06-08-1955,0.2651
GCAG,06-09-1955,0.1098
GISTEMP,06-09-1955,0.3436
GCAG,06-10-1955,0.1533
GISTEMP,06-10-1955,0.258
GCAG,06-11-1955,0.6248
GISTEMP,06-11-1955,0.2264
GCAG,06-12-1955,0.4144
GISTEMP,06-12-1955,0.1365
GCAG,06-01-1956,0.2379
GISTEMP,06-01-1956,0.5088
GCAG,06-02-1956,0.1503
GISTEMP,06-02-1956,0.5162
GCAG,06-03-1956,0.3516
GISTEMP,06-03-1956,0.1611
GCAG,06-04-1956,0.3415
GISTEMP,06-04-1956,0.3925
GCAG,06-05-1956,0.341
GISTEMP,06-05-1956,0.0122
GCAG,06-06-1956,0.1399
GISTEMP,06-06-1956,0.2118
GCAG,06-07-1956,0.2389
GISTEMP,06-07-1956,0.3432
GCAG,06-08-1956,0.2779
GISTEMP,06-08-1956,0.0509
GCAG,06-09-1956,0.3094
GISTEMP,06-09-1956,0.344
GCAG,06-10-1956,0.3375
GISTEMP,06-10-1956,0.4157
GCAG,06-11-1956,0.3798
GISTEMP,06-11-1956,0.3236
GCAG,06-12-1956,0.2453
GISTEMP,06-12-1956,0.0067
GCAG,06-01-1957,0.3215
GISTEMP,06-01-1957,0.2882
GCAG,06-02-1957,0.2989
GISTEMP,06-02-1957,0.0667
GCAG,06-03-1957,0.0972
GISTEMP,06-03-1957,0.4173
GCAG,06-04-1957,0.2546
GISTEMP,06-04-1957,0.3627
GCAG,06-05-1957,0.2659
GISTEMP,06-05-1957,0.2661
GCAG,06-06-1957,0.4036
GISTEMP,06-06-1957,0.1854
GCAG,06-07-1957,0.2784
GISTEMP,06-07-1957,0.1946
GCAG,06-08-1957,0.1999
GISTEMP,06-08-1957,0.2187
GCAG,06-09-1957,0.2996
GISTEMP,06-09-1957,0.1945
GCAG,06-10-1957,0.4558
GISTEMP,06-10-1957,0.1332
GCAG,06-11-1957,0.2406
GISTEMP,06-11-1957,0.2026
GCAG,06-12-1957,0.4868
GISTEMP,06-12-1957,0.2992
GCAG,06-01-1958,0.4257
GISTEMP,06-01-1958,0.0481
GCAG,06-02-1958,0.3121
GISTEMP,06-02-1958,0.4055
GCAG,06-03-1958,0.2856
GISTEMP,06-03-1958,0.433
GCAG,06-04-1958,0.1968
GISTEMP,06-04-1958,0.4858
GCAG,06-05-1958,0.6204
GISTEMP,06-05-1958,0.2211
GCAG,06-06-1958,0.2099
GISTEMP,06-06-1958,0.4947
GCAG,06-07-1958,0.5148
GISTEMP,06-07-1958,0.1994
GCAG,06-08-1958,0.216
GISTEMP,06-08-1958,0.2367
GCAG,06-09-1958,0.0785
GISTEMP,06-09-1958,0.1424
GCAG,06-10-1958,0.1307
GISTEMP,06-10-1958,0.1662
GCAG,06-11-1958,0.2773
GISTEMP,06-11-1958,0.3176
GCAG,06-12-1958,0.5162
GISTEMP,06-12-1958,0.1339
GCAG,06-01-1959,0.4324
GISTEMP,06-01-1959,0.2527
GCAG,06-02-1959,0.2785
GISTEMP,06-02-1959,0.3872
GCAG,06-03-1959,0.1187
GISTEMP,06-03-1959,0.3445
GCAG,06-04-1959,0.3132
GISTEMP,06-04-1959,0.3621
GCAG,06-05-1959,0.3328
GISTEMP,06-05-1959,0.6577
GCAG,06-06-1959,0.1949
GISTEMP,06-06-1959,0.2109
GCAG,06-07-1959,0.1983
GISTEMP,06-07-1959,0.2084
GCAG,06-08-1959,0.1973
GISTEMP,06-08-1959,0.4712
GCAG,06-09-1959,0.5071
GISTEMP,06-09-1959,0.2084
GCAG,06-10-1959,0.1704
GISTEMP,06-10-1959,0.3659
GCAG,06-11-1959,0.2135
GISTEMP,06-11-1959,0.3913
GCAG,06-12-1959,0.328
GISTEMP,06-12-1959,0.0702
GCAG,06-01-1960,0.5308
GISTEMP,06-01-1960,0.5681
GCAG,06-02-1960,0.2079
GISTEMP,06-02-1960,0.2417
GCAG,06-03-1960,0.3439
GISTEMP,06-03-1960,0.3512
GCAG,06-04-1960,0.4009
GISTEMP,06-04-1960,0.6037
GCAG,06-05-1960,0.2768
GISTEMP,06-05-1960,0.1836
GCAG,06-06-1960,0.0976
GISTEMP,06-06-1960,0.1948
GCAG,06-07-1960,0.3007
GISTEMP,06-07-1960,0.5748
GCAG,06-08-1960,0.2291
GISTEMP,06-08-1960,0.3403
GCAG,06-09-1960,0.3055
GISTEMP,06-09-1960,0.4862
GCAG,06-10-1960,0.6881
GISTEMP,06-10-1960,0.2295
GCAG,06-11-1960,0.2368
GISTEMP,06-11-1960,0.4669
GCAG,06-12-1960,0.4137
GISTEMP,06-12-1960,0.5884
GCAG,06-01-1961,0.4002
GISTEMP,06-01-1961,0.2587
GCAG,06-02-1961,0.4023
GISTEMP,06-02-1961,0.48
GCAG,06-03-1961,0.4379
GISTEMP,06-03-1961,0.391
GCAG,06-04-1961,0.476
GISTEMP,06-04-1961,0.4914
GCAG,06-05-1961,0.5245
GISTEMP,06-05-1961,0.4145
GCAG,06-06-1961,0.2933
GISTEMP,06-06-1961,0.3404
GCAG,06-07-1961,0.5005
GISTEMP,06-07-1961,0.197
GCAG,06-08-1961,0.376
GISTEMP,06-08-1961,0.2617
GCAG,06-09-1961,0.3261
GISTEMP,06-09-1961,0.5136
GCAG,06-10-1961,0.3516
GISTEMP,06-10-1961,0.3299
GCAG,06-11-1961,0.1202
GISTEMP,06-11-1961,0.4361
GCAG,06-12-1961,0.4221
GISTEMP,06-12-1961,0.6498
GCAG,06-01-1962,0.2803
GISTEMP,06-01-1962,0.3593
GCAG,06-02-1962,0.365
GISTEMP,06-02-1962,0.5642
GCAG,06-03-1962,0.3145
GISTEMP,06-03-1962,0.3706
GCAG,06-04-1962,0.4211
GISTEMP,06-04-1962,0.3579
GCAG,06-05-1962,0.2641
GISTEMP,06-05-1962,0.3602
GCAG,06-06-1962,0.4933
GISTEMP,06-06-1962,0.1783
GCAG,06-07-1962,0.3533
GISTEMP,06-07-1962,0.2284
GCAG,06-08-1962,0.5138
GISTEMP,06-08-1962,0.1061
GCAG,06-09-1962,0.2519
GISTEMP,06-09-1962,0.3923
GCAG,06-10-1962,0.5717
GISTEMP,06-10-1962,0.327
GCAG,06-11-1962,0.2547
GISTEMP,06-11-1962,0.6202
GCAG,06-12-1962,0.122
GISTEMP,06-12-1962,0.0094
GCAG,06-01-1963,0.4063
GISTEMP,06-01-1963,0.265
GCAG,06-02-1963,0.1883
GISTEMP,06-02-1963,0.4477
GCAG,06-03-1963,0.3792
GISTEMP,06-03-1963,0.258
GCAG,06-04-1963,0.1518
GISTEMP,06-04-1963,0.4747
GCAG,06-05-1963,0.4425
GISTEMP,06-05-1963,0.3301
GCAG,06-06-1963,0.6231
GISTEMP,06-06-1963,0.1856
GCAG,06-07-1963,0.1184
GISTEMP,06-07-1963,0.2435
GCAG,06-08-1963,0.3416
GISTEMP,06-08-1963,0.3849
GCAG,06-09-1963,0.3134
GISTEMP,06-09-1963,0.4024
GCAG,06-10-1963,0.163
GISTEMP,06-10-1963,0.5673
GCAG,06-11-1963,0.3396
GISTEMP,06-11-1963,0.5195
GCAG,06-12-1963,0.4045
GISTEMP,06-12-1963,0.4216
GCAG,06-01-1964,0.4397
GISTEMP,06-01-1964,0.4214
GCAG,06-02-1964,0.4518
GISTEMP,06-02-1964,0.5547
GCAG,06-03-1964,0.386
GISTEMP,06-03-1964,0.4629
GCAG,06-04-1964,0.3442
GISTEMP,06-04-1964,0.5737
GCAG,06-05-1964,0.2574
GISTEMP,06-05-1964,0.629
GCAG,06-06-1964,0.354
GISTEMP,06-06-1964,0.1454
GCAG,06-07-1964,0.3804
GISTEMP,06-07-1964,0.259
GCAG,06-08-1964,0.4884
GISTEMP,06-08-1964,0.2644
GCAG,06-09-1964,0.2965
GISTEMP,06-09-1964,0.08
GCAG,06-10-1964,0.2968
GISTEMP,06-10-1964,0.001
GCAG,06-11-1964,0.1282
GISTEMP,06-11-1964,0.4798
GCAG,06-12-1964,0.4848
GISTEMP,06-12-1964,0.4308
GCAG,06-01-1965,0.2231
GISTEMP,06-01-1965,0.3609
GCAG,06-02-1965,0.3687
GISTEMP,06-02-1965,0.1955
GCAG,06-03-1965,0.5959
GISTEMP,06-03-1965,0.502
GCAG,06-04-1965,0.3384
GISTEMP,06-04-1965,0.3756
GCAG,06-05-1965,0.404
GISTEMP,06-05-1965,0.0665
GCAG,06-06-1965,0.3368
GISTEMP,06-06-1965,0.2716
GCAG,06-07-1965,0.2248
GISTEMP,06-07-1965,0.3329
GCAG,06-08-1965,0.6459
GISTEMP,06-08-1965,0.4723
GCAG,06-09-1965,0.2917
GISTEMP,06-09-1965,0.4632
GCAG,06-10-1965,0.5884
GISTEMP,06-10-1965,0.5172
GCAG,06-11-1965,0.3886
GISTEMP,06-11-1965,0.2826
GCAG,06-12-1965,0.4856
GISTEMP,06-12-1965,0.4398
GCAG,06-01-1966,0.5163
GISTEMP,06-01-1966,0.4773
GCAG,06-02-1966,0.5406
GISTEMP,06-02-1966,0.3029
GCAG,06-03-1966,0.5819
GISTEMP,06-03-1966,0.4139
GCAG,06-04-1966,0.6967
GISTEMP,06-04-1966,0.2821
GCAG,06-05-1966,0.647
GISTEMP,06-05-1966,0.4163
GCAG,06-06-1966,0.2901
GISTEMP,06-06-1966,0.3152
GCAG,06-07-1966,0.3409
GISTEMP,06-07-1966,0.4526
GCAG,06-08-1966,0.4685
GISTEMP,06-08-1966,0.304
GCAG,06-09-1966,0.3876
GISTEMP,06-09-1966,0.7126
GCAG,06-10-1966,0.6515
GISTEMP,06-10-1966,0.4578
GCAG,06-11-1966,0.3993
GISTEMP,06-11-1966,0.4116
GCAG,06-12-1966,0.4867
GISTEMP,06-12-1966,0.2413
GCAG,06-01-1967,0.3573
GISTEMP,06-01-1967,0.1456
GCAG,06-02-1967,0.4569
GISTEMP,06-02-1967,0.4941
GCAG,06-03-1967,0.3257
GISTEMP,06-03-1967,0.6343
GCAG,06-04-1967,0.2155
GISTEMP,06-04-1967,0.1797
GCAG,06-05-1967,0.4342
GISTEMP,06-05-1967,0.5576
GCAG,06-06-1967,0.6542
GISTEMP,06-06-1967,0.3328
GCAG,06-07-1967,0.5646
GISTEMP,06-07-1967,0.397
GCAG,06-08-1967,0.3781
GISTEMP,06-08-1967,0.5365
GCAG,06-09-1967,0.503
GISTEMP,06-09-1967,0.1687
GCAG,06-10-1967,0.6278
GISTEMP,06-10-1967,0.6133
GCAG,06-11-1967,0.3136
GISTEMP,06-11-1967,0.4668
GCAG,06-12-1967,0.4827
GISTEMP,06-12-1967,0.4477
GCAG,06-01-1968,0.3272
GISTEMP,06-01-1968,0.309
GCAG,06-02-1968,0.4071
GISTEMP,06-02-1968,0.5868
GCAG,06-03-1968,0.4936
GISTEMP,06-03-1968,0.3565
GCAG,06-04-1968,0.529
GISTEMP,06-04-1968,-0.0141
GCAG,06-05-1968,0.5867
GISTEMP,06-05-1968,0.1534
GCAG,06-06-1968,0.3612
GISTEMP,06-06-1968,0.2476
GCAG,06-07-1968,0.2225
GISTEMP,06-07-1968,0.5908
GCAG,06-08-1968,0.3477
GISTEMP,06-08-1968,0.4698
GCAG,06-09-1968,0.412
GISTEMP,06-09-1968,0.4906
GCAG,06-10-1968,0.4317
GISTEMP,06-10-1968,0.2277
GCAG,06-11-1968,0.5708
GISTEMP,06-11-1968,0.3473
GCAG,06-12-1968,0.189
GISTEMP,06-12-1968,0.3583
GCAG,06-01-1969,0.6488
GISTEMP,06-01-1969,0.5512
GCAG,06-02-1969,0.3725
GISTEMP,06-02-1969,0.3724
GCAG,06-03-1969,0.3777
GISTEMP,06-03-1969,0.7375
GCAG,06-04-1969,0.4844
GISTEMP,06-04-1969,0.4916
GCAG,06-05-1969,0.5828
GISTEMP,06-05-1969,0.4641
GCAG,06-06-1969,0.3906
GISTEMP,06-06-1969,0.4
GCAG,06-07-1969,0.4198
GISTEMP,06-07-1969,0.425
GCAG,06-08-1969,0.5409
GISTEMP,06-08-1969,0.4395
GCAG,06-09-1969,0.5428
GISTEMP,06-09-1969,0.4208
GCAG,06-10-1969,0.4458
GISTEMP,06-10-1969,0.1343
GCAG,06-11-1969,0.5727
GISTEMP,06-11-1969,0.4872
GCAG,06-12-1969,0.5861
GISTEMP,06-12-1969,0.0019
GCAG,06-01-1970,0.7508
GISTEMP,06-01-1970,0.4166
GCAG,06-02-1970,0.6049
GISTEMP,06-02-1970,0.2827
GCAG,06-03-1970,0.5318
GISTEMP,06-03-1970,0.2818
GCAG,06-04-1970,0.3474
GISTEMP,06-04-1970,0.7281
GCAG,06-05-1970,0.4135
GISTEMP,06-05-1970,0.4748
GCAG,06-06-1970,0.5738
GISTEMP,06-06-1970,0.5177
GCAG,06-07-1970,0.467
GISTEMP,06-07-1970,0.4992
GCAG,06-08-1970,0.8061
GISTEMP,06-08-1970,0.437
GCAG,06-09-1970,0.4769
GISTEMP,06-09-1970,0.6044
GCAG,06-10-1970,0.6138
GISTEMP,06-10-1970,0.626
GCAG,06-11-1970,0.5449
GISTEMP,06-11-1970,0.2776
GCAG,06-12-1970,0.6953
GISTEMP,06-12-1970,0.2783
GCAG,06-01-1971,0.4968
GISTEMP,06-01-1971,0.3383
GCAG,06-02-1971,0.4429
GISTEMP,06-02-1971,0.5019
GCAG,06-03-1971,0.5019
GISTEMP,06-03-1971,0.517
GCAG,06-04-1971,0.6969
GISTEMP,06-04-1971,0.5229
GCAG,06-05-1971,0.4194
GISTEMP,06-05-1971,0.6006
GCAG,06-06-1971,0.6356
GISTEMP,06-06-1971,0.273
GCAG,06-07-1971,0.548
GISTEMP,06-07-1971,0.5635
GCAG,06-08-1971,0.4149
GISTEMP,06-08-1971,0.6659
GCAG,06-09-1971,0.4382
GISTEMP,06-09-1971,0.4795
GCAG,06-10-1971,0.4359
GISTEMP,06-10-1971,0.4642
GCAG,06-11-1971,0.2985
GISTEMP,06-11-1971,0.247
GCAG,06-12-1971,0.7033
GISTEMP,06-12-1971,0.3371
GCAG,06-01-1972,0.3166
GISTEMP,06-01-1972,0.1423
GCAG,06-02-1972,0.3706
GISTEMP,06-02-1972,0.268
GCAG,06-03-1972,0.7139
GISTEMP,06-03-1972,0.6191
GCAG,06-04-1972,0.3655
GISTEMP,06-04-1972,0.8066
GCAG,06-05-1972,0.6172
GISTEMP,06-05-1972,0.4212
GCAG,06-06-1972,0.0962
GISTEMP,06-06-1972,0.8147
GCAG,06-07-1972,0.2638
GISTEMP,06-07-1972,0.2254
GCAG,06-08-1972,0.6268
GISTEMP,06-08-1972,0.8394
GCAG,06-09-1972,0.6822
GISTEMP,06-09-1972,0.5591
GCAG,06-10-1972,0.5649
GISTEMP,06-10-1972,0.6037
GCAG,06-11-1972,0.5907
GISTEMP,06-11-1972,0.519
GCAG,06-12-1972,0.4936
GISTEMP,06-12-1972,0.4686
GCAG,06-01-1973,0.3661
GISTEMP,06-01-1973,0.4371
GCAG,06-02-1973,0.2264
GISTEMP,06-02-1973,0.4656
GCAG,06-03-1973,0.3332
GISTEMP,06-03-1973,0.3159
GCAG,06-04-1973,0.5096
GISTEMP,06-04-1973,0.6914
GCAG,06-05-1973,0.6215
GISTEMP,06-05-1973,0.2482
GCAG,06-06-1973,0.3365
GISTEMP,06-06-1973,0.6261
GCAG,06-07-1973,0.3387
GISTEMP,06-07-1973,0.4524
GCAG,06-08-1973,0.5698
GISTEMP,06-08-1973,0.342
GCAG,06-09-1973,0.5042
GISTEMP,06-09-1973,0.2883
GCAG,06-10-1973,0.3994
GISTEMP,06-10-1973,0.5376
GCAG,06-11-1973,0.2518
GISTEMP,06-11-1973,0.5568
GCAG,06-12-1973,0.489
GISTEMP,06-12-1973,0.5748
GCAG,06-01-1974,0.5266
GISTEMP,06-01-1974,0.6977
GCAG,06-02-1974,0.513
GISTEMP,06-02-1974,0.4298
GCAG,06-03-1974,0.5137
GISTEMP,06-03-1974,0.5769
GCAG,06-04-1974,0.5039
GISTEMP,06-04-1974,0.5026
GCAG,06-05-1974,0.3924
GISTEMP,06-05-1974,0.3983
GCAG,06-06-1974,0.2885
GISTEMP,06-06-1974,0.7613
GCAG,06-07-1974,0.3134
GISTEMP,06-07-1974,0.3961
GCAG,06-08-1974,0.3934
GISTEMP,06-08-1974,0.6354
GCAG,06-09-1974,0.4581
GISTEMP,06-09-1974,0.6895
GCAG,06-10-1974,0.4024
GISTEMP,06-10-1974,0.5453
GCAG,06-11-1974,0.3793
GISTEMP,06-11-1974,0.8264
GCAG,06-12-1974,0.3276
GISTEMP,06-12-1974,0.5523
GCAG,06-01-1975,0.602
GISTEMP,06-01-1975,0.569
GCAG,06-02-1975,0.4803
GISTEMP,06-02-1975,0.4886
GCAG,06-03-1975,0.5158
GISTEMP,06-03-1975,0.4872
GCAG,06-04-1975,0.655
GISTEMP,06-04-1975,0.842
GCAG,06-05-1975,0.4279
GISTEMP,06-05-1975,0.3061
GCAG,06-06-1975,0.4995
GISTEMP,06-06-1975,0.8997
GCAG,06-07-1975,0.3933
GISTEMP,06-07-1975,0.7598
GCAG,06-08-1975,0.7667
GISTEMP,06-08-1975,0.432
GCAG,06-09-1975,0.6015
GISTEMP,06-09-1975,0.7605
GCAG,06-10-1975,0.4605
GISTEMP,06-10-1975,0.4868
GCAG,06-11-1975,0.4313
GISTEMP,06-11-1975,0.3663
GCAG,06-12-1975,0.4223
GISTEMP,06-12-1975,0.3361
GCAG,06-01-1976,0.5259
GISTEMP,06-01-1976,0.4053
GCAG,06-02-1976,0.5571
GISTEMP,06-02-1976,0.2886
GCAG,06-03-1976,0.5728
GISTEMP,06-03-1976,0.6482
GCAG,06-04-1976,0.2252
GISTEMP,06-04-1976,0.5804
GCAG,06-05-1976,0.7096
GISTEMP,06-05-1976,0.344
GCAG,06-06-1976,0.7775
GISTEMP,06-06-1976,0.5895
GCAG,06-07-1976,0.422
GISTEMP,06-07-1976,0.5194
GCAG,06-08-1976,0.6127
GISTEMP,06-08-1976,0.5403
GCAG,06-09-1976,0.6109
GISTEMP,06-09-1976,0.392
GCAG,06-10-1976,0.5566
GISTEMP,06-10-1976,0.3192
GCAG,06-11-1976,0.5157
GISTEMP,06-11-1976,0.3968
GCAG,06-12-1976,0.4232
GISTEMP,06-12-1976,0.719
GCAG,06-01-1977,0.6984
GISTEMP,06-01-1977,0.6261
GCAG,06-02-1977,0.372
GISTEMP,06-02-1977,0.4884
GCAG,06-03-1977,0.719
GISTEMP,06-03-1977,0.5583
GCAG,06-04-1977,0.8861
GISTEMP,06-04-1977,0.5972
GCAG,06-05-1977,0.5681
GISTEMP,06-05-1977,0.493
GCAG,06-06-1977,0.5605
GISTEMP,06-06-1977,0.5176
GCAG,06-07-1977,0.6479
GISTEMP,06-07-1977,0.6852
GCAG,06-08-1977,0.4249
GISTEMP,06-08-1977,0.3431
GCAG,06-09-1977,0.2685
GISTEMP,06-09-1977,0.6202
GCAG,06-10-1977,0.3796
GISTEMP,06-10-1977,0.2222
GCAG,06-11-1977,0.6046
GISTEMP,06-11-1977,0.9202
GCAG,06-12-1977,0.5465
GISTEMP,06-12-1977,0.6732
GCAG,06-01-1978,0.5609
GISTEMP,06-01-1978,0.5338
GCAG,06-02-1978,0.6876
GISTEMP,06-02-1978,0.5062
GCAG,06-03-1978,0.591
GISTEMP,06-03-1978,0.5992
GCAG,06-04-1978,0.4519
GISTEMP,06-04-1978,0.7009
GCAG,06-05-1978,0.527
GISTEMP,06-05-1978,0.4399
GCAG,06-06-1978,0.6349
GISTEMP,06-06-1978,0.4196
GCAG,06-07-1978,0.5598
GISTEMP,06-07-1978,0.5542
GCAG,06-08-1978,0.7196
GISTEMP,06-08-1978,0.6279
GCAG,06-09-1978,0.5541
GISTEMP,06-09-1978,0.6805
GCAG,06-10-1978,0.7675
GISTEMP,06-10-1978,0.6427
GCAG,06-11-1978,0.5617
GISTEMP,06-11-1978,0.3634
GCAG,06-12-1978,0.4016
GISTEMP,06-12-1978,0.5155
GCAG,06-01-1979,0.4711
GISTEMP,06-01-1979,0.5344
GCAG,06-02-1979,0.5721
GISTEMP,06-02-1979,0.6431
GCAG,06-03-1979,0.5542
GISTEMP,06-03-1979,0.6378
GCAG,06-04-1979,0.5756
GISTEMP,06-04-1979,0.2696
GCAG,06-05-1979,0.4262
GISTEMP,06-05-1979,0.5455
GCAG,06-06-1979,0.3868
GISTEMP,06-06-1979,0.6583
GCAG,06-07-1979,0.799
GISTEMP,06-07-1979,0.7522
GCAG,06-08-1979,0.5386
GISTEMP,06-08-1979,0.7942
GCAG,06-09-1979,0.594
GISTEMP,06-09-1979,0.5212
GCAG,06-10-1979,0.4809
GISTEMP,06-10-1979,0.5275
GCAG,06-11-1979,0.5158
GISTEMP,06-11-1979,0.5996
GCAG,06-12-1979,0.5993
GISTEMP,06-12-1979,0.5757
GCAG,06-01-1980,0.6419
GISTEMP,06-01-1980,0.755
GCAG,06-02-1980,0.72
GISTEMP,06-02-1980,0.3548
GCAG,06-03-1980,0.1956
GISTEMP,06-03-1980,0.7188
GCAG,06-04-1980,0.3748
GISTEMP,06-04-1980,0.5461
GCAG,06-05-1980,0.4055
GISTEMP,06-05-1980,0.3107
GCAG,06-06-1980,0.6634
GISTEMP,06-06-1980,0.696
GCAG,06-07-1980,0.4968
GISTEMP,06-07-1980,0.1946
GCAG,06-08-1980,0.5025
GISTEMP,06-08-1980,0.6432
GCAG,06-09-1980,0.3638
GISTEMP,06-09-1980,0.6131
GCAG,06-10-1980,0.5845
GISTEMP,06-10-1980,0.6737
GCAG,06-11-1980,0.6059
GISTEMP,06-11-1980,0.442
GCAG,06-12-1980,0.7686
GISTEMP,06-12-1980,0.5653
GCAG,06-01-1981,0.5862
GISTEMP,06-01-1981,0.4503
GCAG,06-02-1981,0.5249
GISTEMP,06-02-1981,0.4587
GCAG,06-03-1981,0.5666
GISTEMP,06-03-1981,0.8493
GCAG,06-04-1981,0.3879
GISTEMP,06-04-1981,0.3517
GCAG,06-05-1981,0.8156
GISTEMP,06-05-1981,0.5635
GCAG,06-06-1981,0.4957
GISTEMP,06-06-1981,0.752
GCAG,06-07-1981,0.5063
GISTEMP,06-07-1981,0.8711
GCAG,06-08-1981,0.7
GISTEMP,06-08-1981,0.5252
GCAG,06-09-1981,0.9231
GISTEMP,06-09-1981,0.5086
GCAG,06-10-1981,0.712
GISTEMP,06-10-1981,0.6456
GCAG,06-11-1981,0.7971
GISTEMP,06-11-1981,0.836
GCAG,06-12-1981,0.6078
GISTEMP,06-12-1981,0.49
GCAG,06-01-1982,0.6731
GISTEMP,06-01-1982,0.5025
GCAG,06-02-1982,0.9073
GISTEMP,06-02-1982,0.6258
GCAG,06-03-1982,0.5516
GISTEMP,06-03-1982,0.6341
GCAG,06-04-1982,0.4055
GISTEMP,06-04-1982,0.4619
GCAG,06-05-1982,0.7888
GISTEMP,06-05-1982,0.5102
GCAG,06-06-1982,0.4529
GISTEMP,06-06-1982,0.6904
GCAG,06-07-1982,0.7889
GISTEMP,06-07-1982,0.7189
GCAG,06-08-1982,0.7616
GISTEMP,06-08-1982,0.4987
GCAG,06-09-1982,0.4001
GISTEMP,06-09-1982,0.8386
GCAG,06-10-1982,0.5661
GISTEMP,06-10-1982,0.5769
GCAG,06-11-1982,0.8149
GISTEMP,06-11-1982,0.6991
GCAG,06-12-1982,0.6852
GISTEMP,06-12-1982,0.9416
GCAG,06-01-1983,0.5215
GISTEMP,06-01-1983,0.7572
GCAG,06-02-1983,0.6277
GISTEMP,06-02-1983,0.6595
GCAG,06-03-1983,0.8496
GISTEMP,06-03-1983,0.6965
GCAG,06-04-1983,0.7022
GISTEMP,06-04-1983,0.7824
GCAG,06-05-1983,0.5679
GISTEMP,06-05-1983,0.4968
GCAG,06-06-1983,0.4671
GISTEMP,06-06-1983,0.3288
GCAG,06-07-1983,0.9334
GISTEMP,06-07-1983,0.4595
GCAG,06-08-1983,0.5929
GISTEMP,06-08-1983,0.5846
GCAG,06-09-1983,0.6734
GISTEMP,06-09-1983,0.7496
GCAG,06-10-1983,0.7575
GISTEMP,06-10-1983,0.541
GCAG,06-11-1983,0.6045
GISTEMP,06-11-1983,0.672
GCAG,06-12-1983,0.5934
GISTEMP,06-12-1983,0.8718
GCAG,06-01-1984,0.7055
GISTEMP,06-01-1984,0.7421
GCAG,06-02-1984,0.7325
GISTEMP,06-02-1984,0.8091
GCAG,06-03-1984,0.6614
GISTEMP,06-03-1984,0.4397
GCAG,06-04-1984,0.6953
GISTEMP,06-04-1984,0.5377
GCAG,06-05-1984,0.5572
GISTEMP,06-05-1984,0.7245
GCAG,06-06-1984,0.8234
GISTEMP,06-06-1984,0.6409
GCAG,06-07-1984,0.6852
GISTEMP,06-07-1984,0.8942
GCAG,06-08-1984,0.6761
GISTEMP,06-08-1984,1.0303
GCAG,06-09-1984,0.726
GISTEMP,06-09-1984,0.377
GCAG,06-10-1984,0.7553
GISTEMP,06-10-1984,0.6995
GCAG,06-11-1984,0.8369
GISTEMP,06-11-1984,0.7444
GCAG,06-12-1984,0.6239
GISTEMP,06-12-1984,0.461
GCAG,06-01-1985,0.6144
GISTEMP,06-01-1985,0.5182
GCAG,06-02-1985,0.5599
GISTEMP,06-02-1985,0.7352
GCAG,06-03-1985,0.8986
GISTEMP,06-03-1985,0.7073
GCAG,06-04-1985,0.4699
GISTEMP,06-04-1985,0.7159
GCAG,06-05-1985,0.8299
GISTEMP,06-05-1985,0.5589
GCAG,06-06-1985,0.6315
GISTEMP,06-06-1985,0.6538
GCAG,06-07-1985,0.535
GISTEMP,06-07-1985,0.75
GCAG,06-08-1985,0.6357
GISTEMP,06-08-1985,0.7168
GCAG,06-09-1985,0.5219
GISTEMP,06-09-1985,0.5894
GCAG,06-10-1985,0.7646
GISTEMP,06-10-1985,0.6003
GCAG,06-11-1985,0.9164
GISTEMP,06-11-1985,0.5974
GCAG,06-12-1985,0.6922
GISTEMP,06-12-1985,0.7984
GCAG,06-01-1986,0.4469
GISTEMP,06-01-1986,0.3955
GCAG,06-02-1986,0.432
GISTEMP,06-02-1986,0.8502
GCAG,06-03-1986,0.5792
GISTEMP,06-03-1986,1.0457
GCAG,06-04-1986,0.5785
GISTEMP,06-04-1986,0.6908
GCAG,06-05-1986,0.8956
GISTEMP,06-05-1986,0.9652
GCAG,06-06-1986,0.9747
GISTEMP,06-06-1986,0.8467
GCAG,06-07-1986,0.8202
GISTEMP,06-07-1986,0.7555
GCAG,06-08-1986,0.7845
GISTEMP,06-08-1986,0.5851
GCAG,06-09-1986,0.5462
GISTEMP,06-09-1986,0.6684
GCAG,06-10-1986,0.6446
GISTEMP,06-10-1986,0.6021
GCAG,06-11-1986,0.7757
GISTEMP,06-11-1986,0.8145
GCAG,06-12-1986,0.6857
GISTEMP,06-12-1986,0.894
GCAG,06-01-1987,0.5023
GISTEMP,06-01-1987,0.6445
GCAG,06-02-1987,0.5672
GISTEMP,06-02-1987,0.3947
GCAG,06-03-1987,0.6635
GISTEMP,06-03-1987,0.6576
GCAG,06-04-1987,0.904
GISTEMP,06-04-1987,0.7716
GCAG,06-05-1987,0.5246
GISTEMP,06-05-1987,0.9563
GCAG,06-06-1987,0.8625
GISTEMP,06-06-1987,0.7667
GCAG,06-07-1987,0.6465
GISTEMP,06-07-1987,0.5366
GCAG,06-08-1987,0.6258
GISTEMP,06-08-1987,0.845
GCAG,06-09-1987,0.9655
GISTEMP,06-09-1987,0.9143
GCAG,06-10-1987,0.6106
GISTEMP,06-10-1987,0.516
GCAG,06-11-1987,0.7063
GISTEMP,06-11-1987,0.4199
GCAG,06-12-1987,0.7348
GISTEMP,06-12-1987,0.6641
GCAG,06-01-1988,0.6175
GISTEMP,06-01-1988,0.4482
GCAG,06-02-1988,0.7656
GISTEMP,06-02-1988,0.6087
GCAG,06-03-1988,0.5143
GISTEMP,06-03-1988,0.2589
GCAG,06-04-1988,0.6868
GISTEMP,06-04-1988,0.9567
GCAG,06-05-1988,0.9413
GISTEMP,06-05-1988,0.6235
GCAG,06-06-1988,0.6029
GISTEMP,06-06-1988,0.7635
GCAG,06-07-1988,0.5446
GISTEMP,06-07-1988,0.7396
GCAG,06-08-1988,0.8104
GISTEMP,06-08-1988,0.8796
GCAG,06-09-1988,0.6817
GISTEMP,06-09-1988,0.6661
GCAG,06-10-1988,0.5662
GISTEMP,06-10-1988,0.5738
GCAG,06-11-1988,0.665
GISTEMP,06-11-1988,0.7541
GCAG,06-12-1988,0.8372
GISTEMP,06-12-1988,0.5797
GCAG,06-01-1989,0.9252
GISTEMP,06-01-1989,0.6607
GCAG,06-02-1989,0.6993
GISTEMP,06-02-1989,0.5904
GCAG,06-03-1989,0.34
GISTEMP,06-03-1989,0.8362
GCAG,06-04-1989,0.8153
GISTEMP,06-04-1989,0.6626
GCAG,06-05-1989,0.716
GISTEMP,06-05-1989,0.7833
GCAG,06-06-1989,0.4727
GISTEMP,06-06-1989,0.6277
GCAG,06-07-1989,0.8274
GISTEMP,06-07-1989,0.5201
GCAG,06-08-1989,0.7535
GISTEMP,06-08-1989,0.5059
GCAG,06-09-1989,0.7805
GISTEMP,06-09-1989,0.7052
GCAG,06-10-1989,0.4695
GISTEMP,06-10-1989,0.8864
GCAG,06-11-1989,0.6027
GISTEMP,06-11-1989,0.5914
GCAG,06-12-1989,0.7441
GISTEMP,06-12-1989,0.8863
GCAG,06-01-1990,0.5628
GISTEMP,06-01-1990,0.7245
GCAG,06-02-1990,0.7807
GISTEMP,06-02-1990,0.8203
GCAG,06-03-1990,0.744
GISTEMP,06-03-1990,0.6625
GCAG,06-04-1990,0.5945
GISTEMP,06-04-1990,0.7316
GCAG,06-05-1990,0.559
GISTEMP,06-05-1990,0.2816
GCAG,06-06-1990,0.7865
GISTEMP,06-06-1990,0.8566
GCAG,06-07-1990,0.3677
GISTEMP,06-07-1990,0.5707
GCAG,06-08-1990,0.8162
GISTEMP,06-08-1990,1.0319
GCAG,06-09-1990,0.7276
GISTEMP,06-09-1990,0.6153
GCAG,06-10-1990,0.6982
GISTEMP,06-10-1990,0.9319
GCAG,06-11-1990,0.6299
GISTEMP,06-11-1990,0.6069
GCAG,06-12-1990,0.6555
GISTEMP,06-12-1990,0.5849
GCAG,06-01-1991,0.7475
GISTEMP,06-01-1991,0.9728
GCAG,06-02-1991,0.7787
GISTEMP,06-02-1991,0.6924
GCAG,06-03-1991,0.6876
GISTEMP,06-03-1991,0.4969
GCAG,06-04-1991,0.865
GISTEMP,06-04-1991,0.7209
GCAG,06-05-1991,0.7066
GISTEMP,06-05-1991,1.2127
GCAG,06-06-1991,0.7797
GISTEMP,06-06-1991,0.6221
GCAG,06-07-1991,0.6721
GISTEMP,06-07-1991,0.9083
GCAG,06-08-1991,0.7542
GISTEMP,06-08-1991,0.5214
GCAG,06-09-1991,0.8762
GISTEMP,06-09-1991,0.6381
GCAG,06-10-1991,1.0205
GISTEMP,06-10-1991,0.9015
GCAG,06-11-1991,0.6736
GISTEMP,06-11-1991,0.9328
GCAG,06-12-1991,0.752
GISTEMP,06-12-1991,0.8697
GCAG,06-01-1992,0.8157
GISTEMP,06-01-1992,0.616
GCAG,06-02-1992,0.6476
GISTEMP,06-02-1992,0.8986
GCAG,06-03-1992,0.6951
GISTEMP,06-03-1992,0.6847
GCAG,06-04-1992,0.6032
GISTEMP,06-04-1992,0.81
GCAG,06-05-1992,1.057
GISTEMP,06-05-1992,0.5875
GCAG,06-06-1992,0.7524
GISTEMP,06-06-1992,0.9606
GCAG,06-07-1992,0.738
GISTEMP,06-07-1992,0.8178
GCAG,06-08-1992,0.5917
GISTEMP,06-08-1992,0.8153
GCAG,06-09-1992,0.7242
GISTEMP,06-09-1992,0.9001
GCAG,06-10-1992,0.9315
GISTEMP,06-10-1992,1.1418
GCAG,06-11-1992,0.8415
GISTEMP,06-11-1992,0.8034
GCAG,06-12-1992,0.7849
GISTEMP,06-12-1992,0.7027
GCAG,06-01-1993,0.8076
GISTEMP,06-01-1993,0.7125
GCAG,06-02-1993,0.7833
GISTEMP,06-02-1993,0.9557
GCAG,06-03-1993,0.6082
GISTEMP,06-03-1993,0.9302
GCAG,06-04-1993,0.9579
GISTEMP,06-04-1993,0.7426
GCAG,06-05-1993,0.4432
GISTEMP,06-05-1993,0.6703
GCAG,06-06-1993,0.9572
GISTEMP,06-06-1993,0.7592
GCAG,06-07-1993,0.6139
GISTEMP,06-07-1993,0.6881
GCAG,06-08-1993,0.8911
GISTEMP,06-08-1993,0.847
GCAG,06-09-1993,0.7303
GISTEMP,06-09-1993,0.7111
GCAG,06-10-1993,0.7085
GISTEMP,06-10-1993,0.6289
GCAG,06-11-1993,1.0107
GISTEMP,06-11-1993,0.7201
GCAG,06-12-1993,0.9522
GISTEMP,06-12-1993,0.9978
GCAG,06-01-1994,0.9205
GISTEMP,06-01-1994,0.706
GCAG,06-02-1994,0.8325
GISTEMP,06-02-1994,0.7683
GCAG,06-03-1994,0.6375
GISTEMP,06-03-1994,0.8217
GCAG,06-04-1994,0.5974
GISTEMP,06-04-1994,0.9524
GCAG,06-05-1994,0.7057
GISTEMP,06-05-1994,0.8055
GCAG,06-06-1994,0.819
GISTEMP,06-06-1994,0.7377
GCAG,06-07-1994,0.8657
GISTEMP,06-07-1994,0.7065
GCAG,06-08-1994,0.9095
GISTEMP,06-08-1994,0.5769
GCAG,06-09-1994,0.799
GISTEMP,06-09-1994,1.0708
GCAG,06-10-1994,0.6311
GISTEMP,06-10-1994,0.6795
GCAG,06-11-1994,0.8594
GISTEMP,06-11-1994,0.8093
GCAG,06-12-1994,0.8361
GISTEMP,06-12-1994,0.8568
GCAG,06-01-1995,0.8798
GISTEMP,06-01-1995,0.9511
GCAG,06-02-1995,0.8473
GISTEMP,06-02-1995,0.7496
GCAG,06-03-1995,0.8878
GISTEMP,06-03-1995,1.0719
GCAG,06-04-1995,0.7682
GISTEMP,06-04-1995,0.6419
GCAG,06-05-1995,0.9553
GISTEMP,06-05-1995,0.7712
GCAG,06-06-1995,0.4645
GISTEMP,06-06-1995,0.9175
GCAG,06-07-1995,0.7113
GISTEMP,06-07-1995,0.778
GCAG,06-08-1995,0.8425
GISTEMP,06-08-1995,0.8213
GCAG,06-09-1995,0.9003
GISTEMP,06-09-1995,0.7286
GCAG,06-10-1995,0.872
GISTEMP,06-10-1995,0.7561
GCAG,06-11-1995,0.907
GISTEMP,06-11-1995,0.8885
GCAG,06-12-1995,0.657
GISTEMP,06-12-1995,0.9603
GCAG,06-01-1996,0.7181
GISTEMP,06-01-1996,0.9197
GCAG,06-02-1996,0.8548
GISTEMP,06-02-1996,1.0754
GCAG,06-03-1996,0.7673
GISTEMP,06-03-1996,0.7484
GCAG,06-04-1996,0.7991
GISTEMP,06-04-1996,0.7565
GCAG,06-05-1996,0.9231
GISTEMP,06-05-1996,0.5607
GCAG,06-06-1996,0.6462
GISTEMP,06-06-1996,0.6441
GCAG,06-07-1996,0.948
GISTEMP,06-07-1996,1.062
GCAG,06-08-1996,0.7909
GISTEMP,06-08-1996,0.7813
GCAG,06-09-1996,0.8183
GISTEMP,06-09-1996,0.9821
GCAG,06-10-1996,0.6698
GISTEMP,06-10-1996,0.8447
GCAG,06-11-1996,0.9564
GISTEMP,06-11-1996,0.8852
GCAG,06-12-1996,0.8397
GISTEMP,06-12-1996,0.9614
GCAG,06-01-1997,0.4069
GISTEMP,06-01-1997,0.9141
GCAG,06-02-1997,0.7154
GISTEMP,06-02-1997,0.539
GCAG,06-03-1997,0.8914
GISTEMP,06-03-1997,1.0208
GCAG,06-04-1997,0.7953
GISTEMP,06-04-1997,0.9588
GCAG,06-05-1997,1.0589
GISTEMP,06-05-1997,1.0143
GCAG,06-06-1997,1.0642
GISTEMP,06-06-1997,0.9295
GCAG,06-07-1997,0.8307
GISTEMP,06-07-1997,0.579
GCAG,06-08-1997,0.7836
GISTEMP,06-08-1997,0.694
GCAG,06-09-1997,1.1473
GISTEMP,06-09-1997,0.7953
GCAG,06-10-1997,0.8413
GISTEMP,06-10-1997,0.9055
GCAG,06-11-1997,0.8305
GISTEMP,06-11-1997,1.0782
GCAG,06-12-1997,0.7317
GISTEMP,06-12-1997,0.8543
GCAG,06-01-1998,0.7149
GISTEMP,06-01-1998,0.6283
GCAG,06-02-1998,0.7357
GISTEMP,06-02-1998,0.8219
GCAG,06-03-1998,0.7642
GISTEMP,06-03-1998,0.7247
GCAG,06-04-1998,0.6188
GISTEMP,06-04-1998,0.8173
GCAG,06-05-1998,0.6052
GISTEMP,06-05-1998,0.9449
GCAG,06-06-1998,0.8444
GISTEMP,06-06-1998,0.6134
GCAG,06-07-1998,0.7868
GISTEMP,06-07-1998,0.7204
GCAG,06-08-1998,0.8823
GISTEMP,06-08-1998,1.0354
GCAG,06-09-1998,0.5543
GISTEMP,06-09-1998,0.8528
GCAG,06-10-1998,0.8127
GISTEMP,06-10-1998,0.9374
GCAG,06-11-1998,0.8698
GISTEMP,06-11-1998,0.7251
GCAG,06-12-1998,0.7912
GISTEMP,06-12-1998,0.7196
GCAG,06-01-1999,1.0016
GISTEMP,06-01-1999,0.8434
GCAG,06-02-1999,1.1265
GISTEMP,06-02-1999,0.8322
GCAG,06-03-1999,0.7362
GISTEMP,06-03-1999,0.6154
GCAG,06-04-1999,0.5732
GISTEMP,06-04-1999,0.606
GCAG,06-05-1999,0.8849
GISTEMP,06-05-1999,0.9211
GCAG,06-06-1999,0.6088
GISTEMP,06-06-1999,0.9802
GCAG,06-07-1999,0.7746
GISTEMP,06-07-1999,0.8691
GCAG,06-08-1999,1.0901
GISTEMP,06-08-1999,0.9828
GCAG,06-09-1999,0.8091
GISTEMP,06-09-1999,0.7157
GCAG,06-10-1999,0.5278
GISTEMP,06-10-1999,0.7427
GCAG,06-11-1999,0.8201
GISTEMP,06-11-1999,0.7037
GCAG,06-12-1999,0.8332
GISTEMP,06-12-1999,0.8644
GCAG,06-01-2000,0.8203
GISTEMP,06-01-2000,0.7565
GCAG,06-02-2000,0.8805
GISTEMP,06-02-2000,0.9215
GCAG,06-03-2000,0.6928
GISTEMP,06-03-2000,1.068
GCAG,06-04-2000,0.8427
GISTEMP,06-04-2000,0.8603
GCAG,06-05-2000,0.9649
GISTEMP,06-05-2000,0.8937
GCAG,06-06-2000,1.0028
GISTEMP,06-06-2000,0.9029
GCAG,06-07-2000,0.7691
GISTEMP,06-07-2000,0.9152
GCAG,06-08-2000,0.6906
GISTEMP,06-08-2000,0.8784
GCAG,06-09-2000,0.8583
GISTEMP,06-09-2000,0.8321
GCAG,06-10-2000,0.8452
GISTEMP,06-10-2000,0.5822
GCAG,06-11-2000,0.7833
GISTEMP,06-11-2000,0.8795
GCAG,06-12-2000,0.8908
GISTEMP,06-12-2000,0.7126
GCAG,06-01-2001,1.0578
GISTEMP,06-01-2001,0.738
GCAG,06-02-2001,1.0145
GISTEMP,06-02-2001,0.9332
GCAG,06-03-2001,0.7733
GISTEMP,06-03-2001,1.1365
GCAG,06-04-2001,0.6924
GISTEMP,06-04-2001,1.0093
GCAG,06-05-2001,1.0226
GISTEMP,06-05-2001,0.772
GCAG,06-06-2001,1.0826
GISTEMP,06-06-2001,0.8362
GCAG,06-07-2001,0.9182
GISTEMP,06-07-2001,0.9139
GCAG,06-08-2001,0.8559
GISTEMP,06-08-2001,0.9977
GCAG,06-09-2001,0.9962
GISTEMP,06-09-2001,0.6149
GCAG,06-10-2001,1.074
GISTEMP,06-10-2001,0.629
GCAG,06-11-2001,1.0344
GISTEMP,06-11-2001,1.0485
GCAG,06-12-2001,0.717
GISTEMP,06-12-2001,0.819
GCAG,06-01-2002,0.716
GISTEMP,06-01-2002,0.8496
GCAG,06-02-2002,0.8368
GISTEMP,06-02-2002,0.9999
GCAG,06-03-2002,1.0807
GISTEMP,06-03-2002,1.0935
GCAG,06-04-2002,0.801
GISTEMP,06-04-2002,0.8539
GCAG,06-05-2002,0.6339
GISTEMP,06-05-2002,0.7656
GCAG,06-06-2002,1.0323
GISTEMP,06-06-2002,1.1299
GCAG,06-07-2002,0.7036
GISTEMP,06-07-2002,0.7999
GCAG,06-08-2002,0.886
GISTEMP,06-08-2002,0.9319
GCAG,06-09-2002,0.7696
GISTEMP,06-09-2002,0.9547
GCAG,06-10-2002,0.8212
GISTEMP,06-10-2002,0.8901
GCAG,06-11-2002,0.9753
GISTEMP,06-11-2002,0.8944
GCAG,06-12-2002,0.8291
GISTEMP,06-12-2002,0.8781
GCAG,06-01-2003,0.8824
GISTEMP,06-01-2003,0.8402
GCAG,06-02-2003,0.858
GISTEMP,06-02-2003,1.1367
GCAG,06-03-2003,0.9822
GISTEMP,06-03-2003,0.8537
GCAG,06-04-2003,1.0037
GISTEMP,06-04-2003,0.8491
GCAG,06-05-2003,1.0763
GISTEMP,06-05-2003,0.9558
GCAG,06-06-2003,0.8854
GISTEMP,06-06-2003,0.9686
GCAG,06-07-2003,0.667
GISTEMP,06-07-2003,0.7336
GCAG,06-08-2003,0.7247
GISTEMP,06-08-2003,0.9252
GCAG,06-09-2003,1.1648
GISTEMP,06-09-2003,1.2397
GCAG,06-10-2003,1.0018
GISTEMP,06-10-2003,0.9812
GCAG,06-11-2003,0.6371
GISTEMP,06-11-2003,0.8259
GCAG,06-12-2003,0.7903
GISTEMP,06-12-2003,0.8153
GCAG,06-01-2004,0.8844
GISTEMP,06-01-2004,0.8388
GCAG,06-02-2004,0.6138
GISTEMP,06-02-2004,1.0229
GCAG,06-03-2004,0.751
GISTEMP,06-03-2004,0.9478
GCAG,06-04-2004,1.2242
GISTEMP,06-04-2004,0.7752
GCAG,06-05-2004,0.5347
GISTEMP,06-05-2004,0.8713
GCAG,06-06-2004,1.0805
GISTEMP,06-06-2004,1.2091
GCAG,06-07-2004,0.7321
GISTEMP,06-07-2004,0.991
GCAG,06-08-2004,0.8479
GISTEMP,06-08-2004,0.9018
GCAG,06-09-2004,1.3155
GISTEMP,06-09-2004,0.6934
GCAG,06-10-2004,0.9581
GISTEMP,06-10-2004,0.9902
GCAG,06-11-2004,1.084
GISTEMP,06-11-2004,0.9359
GCAG,06-12-2004,0.9685
GISTEMP,06-12-2004,0.8636
GCAG,06-01-2005,0.9638
GISTEMP,06-01-2005,0.872
GCAG,06-02-2005,1.0179
GISTEMP,06-02-2005,0.8692
GCAG,06-03-2005,0.9824
GISTEMP,06-03-2005,0.9214
GCAG,06-04-2005,1.0958
GISTEMP,06-04-2005,0.9192
GCAG,06-05-2005,0.6621
GISTEMP,06-05-2005,1.1174
GCAG,06-06-2005,0.7934
GISTEMP,06-06-2005,0.8312
GCAG,06-07-2005,0.8411
GISTEMP,06-07-2005,1.1366
GCAG,06-08-2005,0.6112
GISTEMP,06-08-2005,1.4022
GCAG,06-09-2005,1.0911
GISTEMP,06-09-2005,0.9662
GCAG,06-10-2005,0.9257
GISTEMP,06-10-2005,0.9767
GCAG,06-11-2005,1.0132
GISTEMP,06-11-2005,1.0318
GCAG,06-12-2005,1.0195
GISTEMP,06-12-2005,0.9496
GCAG,06-01-2006,0.9078
GISTEMP,06-01-2006,0.9147
GCAG,06-02-2006,0.9093
GISTEMP,06-02-2006,1.1086
GCAG,06-03-2006,1.0287
GISTEMP,06-03-2006,0.4986
GCAG,06-04-2006,1.0392
GISTEMP,06-04-2006,0.97
GCAG,06-05-2006,0.9392
GISTEMP,06-05-2006,0.8837
GCAG,06-06-2006,1.1118
GISTEMP,06-06-2006,1.0853
GCAG,06-07-2006,0.8284
GISTEMP,06-07-2006,1.0054
GCAG,06-08-2006,0.7997
GISTEMP,06-08-2006,0.7385
GCAG,06-09-2006,0.8526
GISTEMP,06-09-2006,1.076
GCAG,06-10-2006,1.0907
GISTEMP,06-10-2006,1.0247
GCAG,06-11-2006,1.0577
GISTEMP,06-11-2006,1.0264
GCAG,06-12-2006,0.8539
GISTEMP,06-12-2006,1.0149
GCAG,06-01-2007,1.0713
GISTEMP,06-01-2007,1.0644
GCAG,06-02-2007,1.1307
GISTEMP,06-02-2007,1.0586
GCAG,06-03-2007,1.0063
GISTEMP,06-03-2007,1.1141
GCAG,06-04-2007,0.9507
GISTEMP,06-04-2007,0.8224
GCAG,06-05-2007,0.9314
GISTEMP,06-05-2007,0.8441
GCAG,06-06-2007,0.8557
GISTEMP,06-06-2007,0.9353
GCAG,06-07-2007,0.8393
GISTEMP,06-07-2007,0.912
GCAG,06-08-2007,0.6753
GISTEMP,06-08-2007,0.9913
GCAG,06-09-2007,0.9607
GISTEMP,06-09-2007,0.8379
GCAG,06-10-2007,1.0605
GISTEMP,06-10-2007,1.1023
GCAG,06-11-2007,0.7217
GISTEMP,06-11-2007,0.8484
GCAG,06-12-2007,0.8486
GISTEMP,06-12-2007,0.823
GCAG,06-01-2008,1.0895
GISTEMP,06-01-2008,0.9361
GCAG,06-02-2008,0.9266
GISTEMP,06-02-2008,0.6657
GCAG,06-03-2008,1.0628
GISTEMP,06-03-2008,0.7815
GCAG,06-04-2008,0.9776
GISTEMP,06-04-2008,1.0102
GCAG,06-05-2008,1.1739
GISTEMP,06-05-2008,0.7734
GCAG,06-06-2008,0.518
GISTEMP,06-06-2008,0.9985
GCAG,06-07-2008,1.2421
GISTEMP,06-07-2008,1.1579
GCAG,06-08-2008,1.0047
GISTEMP,06-08-2008,0.8995
GCAG,06-09-2008,1.0954
GISTEMP,06-09-2008,0.8283
GCAG,06-10-2008,1.047
GISTEMP,06-10-2008,1.0514
GCAG,06-11-2008,1.1357
GISTEMP,06-11-2008,1.3906
GCAG,06-12-2008,1.0367
GISTEMP,06-12-2008,0.9015
GCAG,06-01-2009,0.9752
GISTEMP,06-01-2009,0.7136
GCAG,06-02-2009,0.876
GISTEMP,06-02-2009,0.9188
GCAG,06-03-2009,0.9027
GISTEMP,06-03-2009,1.0042
GCAG,06-04-2009,0.8591
GISTEMP,06-04-2009,1.1506
GCAG,06-05-2009,0.9837
GISTEMP,06-05-2009,0.9822
GCAG,06-06-2009,0.9356
GISTEMP,06-06-2009,1.0081
GCAG,06-07-2009,1.1097
GISTEMP,06-07-2009,0.8559
GCAG,06-08-2009,0.8884
GISTEMP,06-08-2009,0.9415
GCAG,06-09-2009,0.7864
GISTEMP,06-09-2009,0.8654
GCAG,06-10-2009,0.918
GISTEMP,06-10-2009,1.1206
GCAG,06-11-2009,1.03
GISTEMP,06-11-2009,1.0196
GCAG,06-12-2009,1.1194
GISTEMP,06-12-2009,0.9711
GCAG,06-01-2010,1.0515
GISTEMP,06-01-2010,0.9774
GCAG,06-02-2010,1.0339
GISTEMP,06-02-2010,0.9066
GCAG,06-03-2010,0.6294
GISTEMP,06-03-2010,0.9751
GCAG,06-04-2010,1.2098
GISTEMP,06-04-2010,1.1353
GCAG,06-05-2010,1.1423
GISTEMP,06-05-2010,1.1829
GCAG,06-06-2010,1.012
GISTEMP,06-06-2010,1.0283
GCAG,06-07-2010,0.9072
GISTEMP,06-07-2010,0.9524
GCAG,06-08-2010,1.0934
GISTEMP,06-08-2010,1.1816
GCAG,06-09-2010,0.9812
GISTEMP,06-09-2010,0.9346
GCAG,06-10-2010,1.0034
GISTEMP,06-10-2010,1.0935
GCAG,06-11-2010,0.7879
GISTEMP,06-11-2010,0.66
GCAG,06-12-2010,0.923
GISTEMP,06-12-2010,0.8225
GCAG,06-01-2011,0.9306
GISTEMP,06-01-2011,0.9846
GCAG,06-02-2011,0.9399
GISTEMP,06-02-2011,1.2258
GCAG,06-03-2011,1.0581
GISTEMP,06-03-2011,1.0542
GCAG,06-04-2011,1.1036
GISTEMP,06-04-2011,0.8394
GCAG,06-05-2011,1.1673
GISTEMP,06-05-2011,1
GCAG,06-06-2011,1.1131
GISTEMP,06-06-2011,0.8518
GCAG,06-07-2011,0.7807
GISTEMP,06-07-2011,1.1364
GCAG,06-08-2011,1.0713
GISTEMP,06-08-2011,0.8796
GCAG,06-09-2011,0.8856
GISTEMP,06-09-2011,1.1848
GCAG,06-10-2011,0.8388
GISTEMP,06-10-2011,1.2636
GCAG,06-11-2011,0.8833
GISTEMP,06-11-2011,1.1141
GCAG,06-12-2011,0.9702
GISTEMP,06-12-2011,1.11
GCAG,06-01-2012,0.939
GISTEMP,06-01-2012,0.9962
GCAG,06-02-2012,1.028
GISTEMP,06-02-2012,0.8715
GCAG,06-03-2012,1.1341
GISTEMP,06-03-2012,0.946
GCAG,06-04-2012,0.9898
GISTEMP,06-04-2012,0.875
GCAG,06-05-2012,0.6409
GISTEMP,06-05-2012,0.9966
GCAG,06-06-2012,1.3883
GISTEMP,06-06-2012,1.1441
GCAG,06-07-2012,1.0247
GISTEMP,06-07-2012,0.9882
GCAG,06-08-2012,1.0321
GISTEMP,06-08-2012,1.1108
GCAG,06-09-2012,0.8528
GISTEMP,06-09-2012,1.1971
GCAG,06-10-2012,1.1384
GISTEMP,06-10-2012,1.1388
GCAG,06-11-2012,1.098
GISTEMP,06-11-2012,1.0352
GCAG,06-12-2012,1.1343
GISTEMP,06-12-2012,1.1222
GCAG,06-01-2013,0.9814
GISTEMP,06-01-2013,0.9485
GCAG,06-02-2013,1.051
GISTEMP,06-02-2013,1.2681
GCAG,06-03-2013,0.851
GISTEMP,06-03-2013,0.8167
GCAG,06-04-2013,1.0627
GISTEMP,06-04-2013,1.0456
GCAG,06-05-2013,1.0652
GISTEMP,06-05-2013,1.0758
GCAG,06-06-2013,1.0069
GISTEMP,06-06-2013,1.2638
GCAG,06-07-2013,0.8014
GISTEMP,06-07-2013,0.9172
GCAG,06-08-2013,1.0272
GISTEMP,06-08-2013,0.7962
GCAG,06-09-2013,1.0174
GISTEMP,06-09-2013,1.293
GCAG,06-10-2013,1.0481
GISTEMP,06-10-2013,1.0796
GCAG,06-11-2013,0.8571
GISTEMP,06-11-2013,0.9537
GCAG,06-12-2013,0.991
GISTEMP,06-12-2013,0.9996
GCAG,06-01-2014,1.2407
GISTEMP,06-01-2014,1.1321
GCAG,06-02-2014,0.8829
GISTEMP,06-02-2014,1.0866
GCAG,06-03-2014,1.1255
GISTEMP,06-03-2014,1.2218
GCAG,06-04-2014,1.289
GISTEMP,06-04-2014,0.8996
GCAG,06-05-2014,0.9314
GISTEMP,06-05-2014,0.8644
GCAG,06-06-2014,1.0191
GISTEMP,06-06-2014,1.1242
GCAG,06-07-2014,1.2035
GISTEMP,06-07-2014,1.044
GCAG,06-08-2014,1.0086
GISTEMP,06-08-2014,1.0793
GCAG,06-09-2014,0.9324
GISTEMP,06-09-2014,1.3711
GCAG,06-10-2014,0.8177
GISTEMP,06-10-2014,1.0866
GCAG,06-11-2014,1.3635
GISTEMP,06-11-2014,1.061
GCAG,06-12-2014,1.0327
GISTEMP,06-12-2014,1.0075
GCAG,06-01-2015,1.0353
GISTEMP,06-01-2015,1.2682
GCAG,06-02-2015,0.7317
GISTEMP,06-02-2015,1.2935
GCAG,06-03-2015,0.851
GISTEMP,06-03-2015,1.0246
GCAG,06-04-2015,1.0014
GISTEMP,06-04-2015,1.1541
GCAG,06-05-2015,0.8272
GISTEMP,06-05-2015,1.1363
GCAG,06-06-2015,1.3717
GISTEMP,06-06-2015,0.8636
GCAG,06-07-2015,1.0977
GISTEMP,06-07-2015,0.97
GCAG,06-08-2015,1.1343
GISTEMP,06-08-2015,1.0733
GCAG,06-09-2015,0.9753
GISTEMP,06-09-2015,1.1448
GCAG,06-10-2015,1.3434
GISTEMP,06-10-2015,1.0441
GCAG,06-11-2015,1.1818
GISTEMP,06-11-2015,0.8799
GCAG,06-12-2015,0.9316
GISTEMP,06-12-2015,1.1459
GCAG,06-01-2016,1.2988
GISTEMP,06-01-2016,1.1295
GCAG,06-02-2016,1.0304
GISTEMP,06-02-2016,1.0772
GCAG,06-03-2016,0.891
GISTEMP,06-03-2016,1.1692
GCAG,06-04-2016,1.212
GISTEMP,06-04-2016,1.0119
GCAG,06-05-2016,1.0103
GISTEMP,06-05-2016,1.1207
GCAG,06-06-2016,1.0165
GISTEMP,06-06-2016,1.0721
GCAG,06-07-2016,1.3981
GISTEMP,06-07-2016,1.0461
GCAG,06-08-2016,1.0305
GISTEMP,06-08-2016,0.9872
GCAG,06-09-2016,1.1971
GISTEMP,06-09-2016,1.0583
GCAG,06-10-2016,0.9892
GISTEMP,06-10-2016,1.2848
GCAG,06-11-2016,1.3007
GISTEMP,06-11-2016,0.9977
GCAG,06-12-2016,0.8089
GISTEMP,06-12-2016,1.2401
GCAG,06-01-2017,0.9874
GISTEMP,06-01-2017,1.2087
GCAG,06-02-2017,0.7957
GISTEMP,06-02-2017,1.2251
GCAG,06-03-2017,0.9107
GISTEMP,06-03-2017,1.202
GCAG,06-04-2017,1.0957
GISTEMP,06-04-2017,0.9505
GCAG,06-05-2017,1.0337
GISTEMP,06-05-2017,1.1977
GCAG,06-06-2017,1.1118
GISTEMP,06-06-2017,1.1835
GCAG,06-07-2017,1.3935
GISTEMP,06-07-2017,0.8624
GCAG,06-08-2017,1.3408
GISTEMP,06-08-2017,1.1138
GCAG,06-09-2017,0.9645
GISTEMP,06-09-2017,0.8998
GCAG,06-10-2017,1.0721
GISTEMP,06-10-2017,1.2387
GCAG,06-11-2017,1.0825
GISTEMP,06-11-2017,1.3283
GCAG,06-12-2017,0.8851
GISTEMP,06-12-2017,1.101
GCAG,06-01-2018,0.9161
GISTEMP,06-01-2018,1.1585
GCAG,06-02-2018,1.2382
GISTEMP,06-02-2018,1.042
GCAG,06-03-2018,0.7156
GISTEMP,06-03-2018,1.1361
GCAG,06-04-2018,1.1729
GISTEMP,06-04-2018,1.1681
GCAG,06-05-2018,1.294
GISTEMP,06-05-2018,0.9479
GCAG,06-06-2018,1.2118
GISTEMP,06-06-2018,1.2886
GCAG,06-07-2018,0.8441
GISTEMP,06-07-2018,1.1589
GCAG,06-08-2018,1.0364
GISTEMP,06-08-2018,1.0998
GCAG,06-09-2018,1.1654
GISTEMP,06-09-2018,1.0401
GCAG,06-10-2018,1.013
GISTEMP,06-10-2018,1.1195
GCAG,06-11-2018,0.9525
GISTEMP,06-11-2018,0.9527
GCAG,06-12-2018,1.2186
GISTEMP,06-12-2018,0.9444
GCAG,06-01-2019,1.2178
GISTEMP,06-01-2019,1.1872
GCAG,06-02-2019,0.8601
GISTEMP,06-02-2019,1.0174
GCAG,06-03-2019,1.2993
GISTEMP,06-03-2019,0.973
GCAG,06-04-2019,1.0517
GISTEMP,06-04-2019,1.1906
GCAG,06-05-2019,1.24
GISTEMP,06-05-2019,1.0847
GCAG,06-06-2019,1.034
GISTEMP,06-06-2019,1.337
GCAG,06-07-2019,1.3856
GISTEMP,06-07-2019,1.2716
GCAG,06-08-2019,1.1387
GISTEMP,06-08-2019,1.0047
GCAG,06-09-2019,1.0025
GISTEMP,06-09-2019,1.2055
GCAG,06-10-2019,1.191
GISTEMP,06-10-2019,1.3385
GCAG,06-11-2019,1.227
GISTEMP,06-11-2019,0.904
GCAG,06-12-2019,1.2884
GISTEMP,06-12-2019,0.9809
GCAG,06-01-2020,1.0741
GISTEMP,06-01-2020,1.1693
GCAG,06-02-2020,1.4322
GISTEMP,06-02-2020,1.5994
GCAG,06-03-2020,1.2251
GISTEMP,06-03-2020,1.1066
GCAG,06-04-2020,1.2154
GISTEMP,06-04-2020,1.2684
GCAG,06-05-2020,1.0883
GISTEMP,06-05-2020,1.4056
GCAG,06-06-2020,1.172
GISTEMP,06-06-2020,1.2122
GCAG,06-07-2020,1.2386
GISTEMP,06-07-2020,1.2019
GCAG,06-08-2020,1.2657
GISTEMP,06-08-2020,1.0472
GCAG,06-09-2020,1.0572
GISTEMP,06-09-2020,0.976
GCAG,06-10-2020,1.2081
GISTEMP,06-10-2020,1.259
GCAG,06-11-2020,1.212
GISTEMP,06-11-2020,1.3945
GCAG,06-12-2020,1.1436
GISTEMP,06-12-2020,1.2448
GCAG,06-01-2021,0.9819
GISTEMP,06-01-2021,1.0876
GCAG,06-02-2021,1.2511
GISTEMP,06-02-2021,1.2741
GCAG,06-03-2021,1.1038
GISTEMP,06-03-2021,1.1372
GCAG,06-04-2021,0.9214
GISTEMP,06-04-2021,1.0955
GCAG,06-05-2021,1.2838
GISTEMP,06-05-2021,1.2365
GCAG,06-06-2021,1.2265
GISTEMP,06-06-2021,1.1589
GCAG,06-07-2021,1.1536
GISTEMP,06-07-2021,1.0535
GCAG,06-08-2021,1.2585
GISTEMP,06-08-2021,1.2169
GCAG,06-09-2021,1.2287
GISTEMP,06-09-2021,1.076
GCAG,06-10-2021,0.833
GISTEMP,06-10-2021,1.3206
GCAG,06-11-2021,1.0854
GISTEMP,06-11-2021,1.0278
GCAG,06-12-2021,1.2624
GISTEMP,06-12-2021,1.0995
GCAG,06-01-2022,1.3185
GISTEMP,06-01-2022,1.2521
GCAG,06-02-2022,1.2632
GISTEMP,06-02-2022,0.9558
GCAG,06-03-2022,1.3436
GISTEMP,06-03-2022,1.201
GCAG,06-04-2022,1.1076
GISTEMP,06-04-2022,1.1845
GCAG,06-05-2022,0.8977
GISTEMP,06-05-2022,1.2254
GCAG,06-06-2022,1.0109
GISTEMP,06-06-2022,0.9624
GCAG,06-07-2022,0.9381
GISTEMP,06-07-2022,1.3333
GCAG,06-08-2022,1.0732
GISTEMP,06-08-2022,1.3977
GCAG,06-09-2022,1.0884
GISTEMP,06-09-2022,0.9127
GCAG,06-10-2022,1.0024
GISTEMP,06-10-2022,1.3553
GCAG,06-11-2022,1.1477
GISTEMP,06-11-2022,1.0888
GCAG,06-12-2022,1.1962
GISTEMP,06-12-2022,1.2475
GCAG,06-01-2023,1.341
GISTEMP,06-01-2023,1.3907
GCAG,06-02-2023,1.1206
GISTEMP,06-02-2023,0.9756
GCAG,06-03-2023,1.1137
GISTEMP,06-03-2023,1.2147
GCAG,06-04-2023,1.0323
GISTEMP,06-04-2023,1.0333
GCAG,06-05-2023,1.2296
GISTEMP,06-05-2023,1.1707
GCAG,06-06-2023,1.1841
GISTEMP,06-06-2023,1.0654
GCAG,06-07-2023,1.1458
GISTEMP,06-07-2023,1.0417
GCAG,06-08-2023,1.315
GISTEMP,06-08-2023,1.3368
GCAG,06-09-2023,0.9057
GISTEMP,06-09-2023,1.0432
GCAG,06-10-2023,0.9593
GISTEMP,06-10-2023,1.0863
GCAG,06-11-2023,1.1724
GISTEMP,06-11-2023,0.9675
GCAG,06-12-2023,1.0478
GISTEMP,06-12-2023,1.0355
GCAG,06-01-2024,1.2184
GISTEMP,06-01-2024,1.1977
GCAG,06-02-2024,1.0802
GISTEMP,06-02-2024,1.215
GCAG,06-03-2024,1.1076
GISTEMP,06-03-2024,1.1488
GCAG,06-04-2024,1.4418
GISTEMP,06-04-2024,1.3918
GCAG,06-05-2024,0.997
GISTEMP,06-05-2024,1.3164
GCAG,06-06-2024,1.3148
GISTEMP,06-06-2024,1.0208
GCAG,06-07-2024,1.317
GISTEMP,06-07-2024,1.4249
GCAG,06-08-2024,1.027
GISTEMP,06-08-2024,1.0577
GCAG,06-09-2024,1.3492
GISTEMP,06-09-2024,1.2373
GCAG,06-10-2024,1.2804
GISTEMP,06-10-2024,1.2488
GCAG,06-11-2024,1.2574
GISTEMP,06-11-2024,0.9999
GCAG,06-12-2024,1.3571
GISTEMP,06-12-2024,1.3754
